,zeit,ladetyp,max_energie,max_leistung,energie,leistung,lkw_id
0,2023-01-01 00:00:00,LPC_0,4.166666666666667,50,0.0,0,
1,2023-01-01 00:00:00,HPC_0,12.5,150,0.0,0,
2,2023-01-01 00:00:00,NCS_0,29.166666666666668,350,0.0,0,
3,2023-01-01 00:00:00,MWC_0,41.666666666666664,500,0.0,0,
4,2023-01-01 00:05:00,LPC_0,4.166666666666667,50,0.0,0,
5,2023-01-01 00:05:00,HPC_0,12.5,150,0.0,0,
6,2023-01-01 00:05:00,NCS_0,29.166666666666668,350,0.0,0,
7,2023-01-01 00:05:00,MWC_0,41.666666666666664,500,0.0,0,
8,2023-01-01 00:10:00,LPC_0,4.166666666666667,50,0.0,0,
9,2023-01-01 00:10:00,HPC_0,12.5,150,0.0,0,
10,2023-01-01 00:10:00,NCS_0,29.166666666666668,350,0.0,0,
11,2023-01-01 00:10:00,MWC_0,41.666666666666664,500,0.0,0,
12,2023-01-01 00:15:00,LPC_0,4.166666666666667,50,0.0,0,
13,2023-01-01 00:15:00,HPC_0,12.5,150,0.0,0,
14,2023-01-01 00:15:00,NCS_0,29.166666666666668,350,0.0,0,
15,2023-01-01 00:15:00,MWC_0,41.666666666666664,500,0.0,0,
16,2023-01-01 00:20:00,LPC_0,4.166666666666667,50,0.0,0,
17,2023-01-01 00:20:00,HPC_0,12.5,150,0.0,0,
18,2023-01-01 00:20:00,NCS_0,29.166666666666668,350,0.0,0,
19,2023-01-01 00:20:00,MWC_0,41.666666666666664,500,0.0,0,
20,2023-01-01 00:25:00,LPC_0,4.166666666666667,50,0.0,0,
21,2023-01-01 00:25:00,HPC_0,12.5,150,0.0,0,
22,2023-01-01 00:25:00,NCS_0,29.166666666666668,350,0.0,0,
23,2023-01-01 00:25:00,MWC_0,41.666666666666664,500,0.0,0,
24,2023-01-01 00:30:00,LPC_0,4.166666666666667,50,0.0,0,
25,2023-01-01 00:30:00,HPC_0,12.5,150,0.0,0,
26,2023-01-01 00:30:00,NCS_0,29.166666666666668,350,0.0,0,
27,2023-01-01 00:30:00,MWC_0,41.666666666666664,500,0.0,0,
28,2023-01-01 00:35:00,LPC_0,4.166666666666667,50,0.0,0,
29,2023-01-01 00:35:00,HPC_0,12.5,150,0.0,0,
30,2023-01-01 00:35:00,NCS_0,29.166666666666668,350,0.0,0,
31,2023-01-01 00:35:00,MWC_0,41.666666666666664,500,0.0,0,
32,2023-01-01 00:40:00,LPC_0,4.166666666666667,50,0.0,0,
33,2023-01-01 00:40:00,HPC_0,12.5,150,0.0,0,
34,2023-01-01 00:40:00,NCS_0,29.166666666666668,350,0.0,0,
35,2023-01-01 00:40:00,MWC_0,41.666666666666664,500,0.0,0,
36,2023-01-01 00:45:00,LPC_0,4.166666666666667,50,0.0,0,
37,2023-01-01 00:45:00,HPC_0,12.5,150,0.0,0,
38,2023-01-01 00:45:00,NCS_0,29.166666666666668,350,0.0,0,
39,2023-01-01 00:45:00,MWC_0,41.666666666666664,500,0.0,0,
40,2023-01-01 00:50:00,LPC_0,4.166666666666667,50,0.0,0,
41,2023-01-01 00:50:00,HPC_0,12.5,150,0.0,0,
42,2023-01-01 00:50:00,NCS_0,29.166666666666668,350,0.0,0,
43,2023-01-01 00:50:00,MWC_0,41.666666666666664,500,0.0,0,
44,2023-01-01 00:55:00,LPC_0,4.166666666666667,50,0.0,0,
45,2023-01-01 00:55:00,HPC_0,12.5,150,0.0,0,
46,2023-01-01 00:55:00,NCS_0,29.166666666666668,350,0.0,0,
47,2023-01-01 00:55:00,MWC_0,41.666666666666664,500,0.0,0,
48,2023-01-01 01:00:00,LPC_0,4.166666666666667,50,0.0,0,
49,2023-01-01 01:00:00,HPC_0,12.5,150,0.0,0,
50,2023-01-01 01:00:00,NCS_0,29.166666666666668,350,0.0,0,
51,2023-01-01 01:00:00,MWC_0,41.666666666666664,500,0.0,0,
52,2023-01-01 01:05:00,LPC_0,4.166666666666667,50,0.0,0,
53,2023-01-01 01:05:00,HPC_0,12.5,150,0.0,0,
54,2023-01-01 01:05:00,NCS_0,29.166666666666668,350,0.0,0,
55,2023-01-01 01:05:00,MWC_0,41.666666666666664,500,0.0,0,
56,2023-01-01 01:10:00,LPC_0,4.166666666666667,50,0.0,0,
57,2023-01-01 01:10:00,HPC_0,12.5,150,0.0,0,
58,2023-01-01 01:10:00,NCS_0,29.166666666666668,350,0.0,0,
59,2023-01-01 01:10:00,MWC_0,41.666666666666664,500,0.0,0,
60,2023-01-01 01:15:00,LPC_0,4.166666666666667,50,0.0,0,
61,2023-01-01 01:15:00,HPC_0,12.5,150,0.0,0,
62,2023-01-01 01:15:00,NCS_0,29.166666666666668,350,0.0,0,
63,2023-01-01 01:15:00,MWC_0,41.666666666666664,500,0.0,0,
64,2023-01-01 01:20:00,LPC_0,4.166666666666667,50,0.0,0,
65,2023-01-01 01:20:00,HPC_0,12.5,150,0.0,0,
66,2023-01-01 01:20:00,NCS_0,29.166666666666668,350,0.0,0,
67,2023-01-01 01:20:00,MWC_0,41.666666666666664,500,0.0,0,
68,2023-01-01 01:25:00,LPC_0,4.166666666666667,50,0.0,0,
69,2023-01-01 01:25:00,HPC_0,12.5,150,0.0,0,
70,2023-01-01 01:25:00,NCS_0,29.166666666666668,350,0.0,0,
71,2023-01-01 01:25:00,MWC_0,41.666666666666664,500,0.0,0,
72,2023-01-01 01:30:00,LPC_0,4.166666666666667,50,0.0,0,
73,2023-01-01 01:30:00,HPC_0,12.5,150,0.0,0,
74,2023-01-01 01:30:00,NCS_0,29.166666666666668,350,0.0,0,
75,2023-01-01 01:30:00,MWC_0,41.666666666666664,500,0.0,0,
76,2023-01-01 01:35:00,LPC_0,4.166666666666667,50,0.0,0,
77,2023-01-01 01:35:00,HPC_0,12.5,150,0.0,0,
78,2023-01-01 01:35:00,NCS_0,29.166666666666668,350,0.0,0,
79,2023-01-01 01:35:00,MWC_0,41.666666666666664,500,0.0,0,
80,2023-01-01 01:40:00,LPC_0,4.166666666666667,50,0.0,0,
81,2023-01-01 01:40:00,HPC_0,12.5,150,0.0,0,
82,2023-01-01 01:40:00,NCS_0,29.166666666666668,350,0.0,0,
83,2023-01-01 01:40:00,MWC_0,41.666666666666664,500,0.0,0,
84,2023-01-01 01:45:00,LPC_0,4.166666666666667,50,0.0,0,
85,2023-01-01 01:45:00,HPC_0,12.5,150,0.0,0,
86,2023-01-01 01:45:00,NCS_0,29.166666666666668,350,0.0,0,
87,2023-01-01 01:45:00,MWC_0,41.666666666666664,500,0.0,0,
88,2023-01-01 01:50:00,LPC_0,4.166666666666667,50,0.0,0,
89,2023-01-01 01:50:00,HPC_0,12.5,150,0.0,0,
90,2023-01-01 01:50:00,NCS_0,29.166666666666668,350,0.0,0,
91,2023-01-01 01:50:00,MWC_0,41.666666666666664,500,0.0,0,
92,2023-01-01 01:55:00,LPC_0,4.166666666666667,50,0.0,0,
93,2023-01-01 01:55:00,HPC_0,12.5,150,0.0,0,
94,2023-01-01 01:55:00,NCS_0,29.166666666666668,350,0.0,0,
95,2023-01-01 01:55:00,MWC_0,41.666666666666664,500,0.0,0,
96,2023-01-01 02:00:00,LPC_0,4.166666666666667,50,0.0,0,
97,2023-01-01 02:00:00,HPC_0,12.5,150,0.0,0,
98,2023-01-01 02:00:00,NCS_0,29.166666666666668,350,0.0,0,
99,2023-01-01 02:00:00,MWC_0,41.666666666666664,500,0.0,0,
100,2023-01-01 02:05:00,LPC_0,4.166666666666667,50,0.0,0,
101,2023-01-01 02:05:00,HPC_0,12.5,150,0.0,0,
102,2023-01-01 02:05:00,NCS_0,29.166666666666668,350,0.0,0,
103,2023-01-01 02:05:00,MWC_0,41.666666666666664,500,0.0,0,
104,2023-01-01 02:10:00,LPC_0,4.166666666666667,50,0.0,0,
105,2023-01-01 02:10:00,HPC_0,12.5,150,0.0,0,
106,2023-01-01 02:10:00,NCS_0,29.166666666666668,350,0.0,0,
107,2023-01-01 02:10:00,MWC_0,41.666666666666664,500,0.0,0,
108,2023-01-01 02:15:00,LPC_0,4.166666666666667,50,0.0,0,
109,2023-01-01 02:15:00,HPC_0,12.5,150,0.0,0,
110,2023-01-01 02:15:00,NCS_0,29.166666666666668,350,0.0,0,
111,2023-01-01 02:15:00,MWC_0,41.666666666666664,500,0.0,0,
112,2023-01-01 02:20:00,LPC_0,4.166666666666667,50,0.0,0,
113,2023-01-01 02:20:00,HPC_0,12.5,150,0.0,0,
114,2023-01-01 02:20:00,NCS_0,29.166666666666668,350,0.0,0,
115,2023-01-01 02:20:00,MWC_0,41.666666666666664,500,0.0,0,
116,2023-01-01 02:25:00,LPC_0,4.166666666666667,50,0.0,0,
117,2023-01-01 02:25:00,HPC_0,12.5,150,0.0,0,
118,2023-01-01 02:25:00,NCS_0,29.166666666666668,350,0.0,0,
119,2023-01-01 02:25:00,MWC_0,41.666666666666664,500,0.0,0,
120,2023-01-01 02:30:00,LPC_0,4.166666666666667,50,0.0,0,
121,2023-01-01 02:30:00,HPC_0,12.5,150,0.0,0,
122,2023-01-01 02:30:00,NCS_0,29.166666666666668,350,0.0,0,
123,2023-01-01 02:30:00,MWC_0,41.666666666666664,500,0.0,0,
124,2023-01-01 02:35:00,LPC_0,4.166666666666667,50,0.0,0,
125,2023-01-01 02:35:00,HPC_0,12.5,150,0.0,0,
126,2023-01-01 02:35:00,NCS_0,29.166666666666668,350,0.0,0,
127,2023-01-01 02:35:00,MWC_0,41.666666666666664,500,0.0,0,
128,2023-01-01 02:40:00,LPC_0,4.166666666666667,50,0.0,0,
129,2023-01-01 02:40:00,HPC_0,12.5,150,0.0,0,
130,2023-01-01 02:40:00,NCS_0,29.166666666666668,350,29.166666666666668,350,3
131,2023-01-01 02:40:00,MWC_0,41.666666666666664,500,0.0,0,
132,2023-01-01 02:45:00,LPC_0,4.166666666666667,50,0.0,0,
133,2023-01-01 02:45:00,HPC_0,12.5,150,0.0,0,
134,2023-01-01 02:45:00,NCS_0,29.166666666666668,350,29.166666666666668,350,3
135,2023-01-01 02:45:00,MWC_0,41.666666666666664,500,0.0,0,
136,2023-01-01 02:50:00,LPC_0,4.166666666666667,50,0.0,0,
137,2023-01-01 02:50:00,HPC_0,12.5,150,0.0,0,
138,2023-01-01 02:50:00,NCS_0,29.166666666666668,350,29.166666666666668,350,3
139,2023-01-01 02:50:00,MWC_0,41.666666666666664,500,0.0,0,
140,2023-01-01 02:55:00,LPC_0,4.166666666666667,50,0.0,0,
141,2023-01-01 02:55:00,HPC_0,12.5,150,0.0,0,
142,2023-01-01 02:55:00,NCS_0,29.166666666666668,350,29.166666666666668,350,3
143,2023-01-01 02:55:00,MWC_0,41.666666666666664,500,0.0,0,
144,2023-01-01 03:00:00,LPC_0,4.166666666666667,50,4.166666666666667,50,9
145,2023-01-01 03:00:00,HPC_0,12.5,150,0.0,0,
146,2023-01-01 03:00:00,NCS_0,29.166666666666668,350,29.166666666666668,350,3
147,2023-01-01 03:00:00,MWC_0,41.666666666666664,500,0.0,0,
148,2023-01-01 03:05:00,LPC_0,4.166666666666667,50,4.166666666666667,50,9
149,2023-01-01 03:05:00,HPC_0,12.5,150,0.0,0,
150,2023-01-01 03:05:00,NCS_0,29.166666666666668,350,29.166666666666668,350,3
151,2023-01-01 03:05:00,MWC_0,41.666666666666664,500,0.0,0,
152,2023-01-01 03:10:00,LPC_0,4.166666666666667,50,4.166666666666667,50,9
153,2023-01-01 03:10:00,HPC_0,12.5,150,0.0,0,
154,2023-01-01 03:10:00,NCS_0,29.166666666666668,350,29.166666666666668,350,3
155,2023-01-01 03:10:00,MWC_0,41.666666666666664,500,0.0,0,
156,2023-01-01 03:15:00,LPC_0,4.166666666666667,50,4.166666666666667,50,9
157,2023-01-01 03:15:00,HPC_0,12.5,150,0.0,0,
158,2023-01-01 03:15:00,NCS_0,29.166666666666668,350,29.166666666666668,350,3
159,2023-01-01 03:15:00,MWC_0,41.666666666666664,500,0.0,0,
160,2023-01-01 03:20:00,LPC_0,4.166666666666667,50,4.166666666666667,50,9
161,2023-01-01 03:20:00,HPC_0,12.5,150,0.0,0,
162,2023-01-01 03:20:00,NCS_0,29.166666666666668,350,29.166666666666668,350,3
163,2023-01-01 03:20:00,MWC_0,41.666666666666664,500,0.0,0,
164,2023-01-01 03:25:00,LPC_0,4.166666666666667,50,4.166666666666667,50,9
165,2023-01-01 03:25:00,HPC_0,12.5,150,0.0,0,
166,2023-01-01 03:25:00,NCS_0,29.166666666666668,350,29.166666666666668,350,3
167,2023-01-01 03:25:00,MWC_0,41.666666666666664,500,0.0,0,
168,2023-01-01 03:30:00,LPC_0,4.166666666666667,50,4.166666666666667,50,9
169,2023-01-01 03:30:00,HPC_0,12.5,150,0.0,0,
170,2023-01-01 03:30:00,NCS_0,29.166666666666668,350,29.166666666666668,350,3
171,2023-01-01 03:30:00,MWC_0,41.666666666666664,500,0.0,0,
172,2023-01-01 03:35:00,LPC_0,4.166666666666667,50,4.166666666666667,50,9
173,2023-01-01 03:35:00,HPC_0,12.5,150,0.0,0,
174,2023-01-01 03:35:00,NCS_0,29.166666666666668,350,29.166666666666668,350,3
175,2023-01-01 03:35:00,MWC_0,41.666666666666664,500,0.0,0,
176,2023-01-01 03:40:00,LPC_0,4.166666666666667,50,4.166666666666667,50,9
177,2023-01-01 03:40:00,HPC_0,12.5,150,0.0,0,
178,2023-01-01 03:40:00,NCS_0,29.166666666666668,350,0.0,0,
179,2023-01-01 03:40:00,MWC_0,41.666666666666664,500,0.0,0,
180,2023-01-01 03:45:00,LPC_0,4.166666666666667,50,4.166666666666667,50,9
181,2023-01-01 03:45:00,HPC_0,12.5,150,0.0,0,
182,2023-01-01 03:45:00,NCS_0,29.166666666666668,350,0.0,0,
183,2023-01-01 03:45:00,MWC_0,41.666666666666664,500,0.0,0,
184,2023-01-01 03:50:00,LPC_0,4.166666666666667,50,4.166666666666667,50,9
185,2023-01-01 03:50:00,HPC_0,12.5,150,0.0,0,
186,2023-01-01 03:50:00,NCS_0,29.166666666666668,350,0.0,0,
187,2023-01-01 03:50:00,MWC_0,41.666666666666664,500,0.0,0,
188,2023-01-01 03:55:00,LPC_0,4.166666666666667,50,4.166666666666667,50,9
189,2023-01-01 03:55:00,HPC_0,12.5,150,0.0,0,
190,2023-01-01 03:55:00,NCS_0,29.166666666666668,350,0.0,0,
191,2023-01-01 03:55:00,MWC_0,41.666666666666664,500,0.0,0,
192,2023-01-01 04:00:00,LPC_0,4.166666666666667,50,4.166666666666667,50,9
193,2023-01-01 04:00:00,HPC_0,12.5,150,0.0,0,
194,2023-01-01 04:00:00,NCS_0,29.166666666666668,350,0.0,0,
195,2023-01-01 04:00:00,MWC_0,41.666666666666664,500,0.0,0,
196,2023-01-01 04:05:00,LPC_0,4.166666666666667,50,4.166666666666667,50,9
197,2023-01-01 04:05:00,HPC_0,12.5,150,0.0,0,
198,2023-01-01 04:05:00,NCS_0,29.166666666666668,350,0.0,0,
199,2023-01-01 04:05:00,MWC_0,41.666666666666664,500,0.0,0,
200,2023-01-01 04:10:00,LPC_0,4.166666666666667,50,4.166666666666667,50,9
201,2023-01-01 04:10:00,HPC_0,12.5,150,0.0,0,
202,2023-01-01 04:10:00,NCS_0,29.166666666666668,350,0.0,0,
203,2023-01-01 04:10:00,MWC_0,41.666666666666664,500,0.0,0,
204,2023-01-01 04:15:00,LPC_0,4.166666666666667,50,4.166666666666667,50,9
205,2023-01-01 04:15:00,HPC_0,12.5,150,0.0,0,
206,2023-01-01 04:15:00,NCS_0,29.166666666666668,350,0.0,0,
207,2023-01-01 04:15:00,MWC_0,41.666666666666664,500,0.0,0,
208,2023-01-01 04:20:00,LPC_0,4.166666666666667,50,4.166666666666667,50,9
209,2023-01-01 04:20:00,HPC_0,12.5,150,0.0,0,
210,2023-01-01 04:20:00,NCS_0,29.166666666666668,350,0.0,0,
211,2023-01-01 04:20:00,MWC_0,41.666666666666664,500,0.0,0,
212,2023-01-01 04:25:00,LPC_0,4.166666666666667,50,4.166666666666667,50,9
213,2023-01-01 04:25:00,HPC_0,12.5,150,0.0,0,
214,2023-01-01 04:25:00,NCS_0,29.166666666666668,350,0.0,0,
215,2023-01-01 04:25:00,MWC_0,41.666666666666664,500,0.0,0,
216,2023-01-01 04:30:00,LPC_0,4.166666666666667,50,4.166666666666667,50,9
217,2023-01-01 04:30:00,HPC_0,12.5,150,0.0,0,
218,2023-01-01 04:30:00,NCS_0,29.166666666666668,350,0.0,0,
219,2023-01-01 04:30:00,MWC_0,41.666666666666664,500,0.0,0,
220,2023-01-01 04:35:00,LPC_0,4.166666666666667,50,4.166666666666667,50,9
221,2023-01-01 04:35:00,HPC_0,12.5,150,0.0,0,
222,2023-01-01 04:35:00,NCS_0,29.166666666666668,350,0.0,0,
223,2023-01-01 04:35:00,MWC_0,41.666666666666664,500,0.0,0,
224,2023-01-01 04:40:00,LPC_0,4.166666666666667,50,4.166666666666667,50,9
225,2023-01-01 04:40:00,HPC_0,12.5,150,0.0,0,
226,2023-01-01 04:40:00,NCS_0,29.166666666666668,350,0.0,0,
227,2023-01-01 04:40:00,MWC_0,41.666666666666664,500,0.0,0,
228,2023-01-01 04:45:00,LPC_0,4.166666666666667,50,4.166666666666667,50,9
229,2023-01-01 04:45:00,HPC_0,12.5,150,0.0,0,
230,2023-01-01 04:45:00,NCS_0,29.166666666666668,350,0.0,0,
231,2023-01-01 04:45:00,MWC_0,41.666666666666664,500,0.0,0,
232,2023-01-01 04:50:00,LPC_0,4.166666666666667,50,4.166666666666667,50,9
233,2023-01-01 04:50:00,HPC_0,12.5,150,0.0,0,
234,2023-01-01 04:50:00,NCS_0,29.166666666666668,350,0.0,0,
235,2023-01-01 04:50:00,MWC_0,41.666666666666664,500,0.0,0,
236,2023-01-01 04:55:00,LPC_0,4.166666666666667,50,4.166666666666667,50,9
237,2023-01-01 04:55:00,HPC_0,12.5,150,0.0,0,
238,2023-01-01 04:55:00,NCS_0,29.166666666666668,350,0.0,0,
239,2023-01-01 04:55:00,MWC_0,41.666666666666664,500,0.0,0,
240,2023-01-01 05:00:00,LPC_0,4.166666666666667,50,4.166666666666667,50,9
241,2023-01-01 05:00:00,HPC_0,12.5,150,0.0,0,
242,2023-01-01 05:00:00,NCS_0,29.166666666666668,350,0.0,0,
243,2023-01-01 05:00:00,MWC_0,41.666666666666664,500,0.0,0,
244,2023-01-01 05:05:00,LPC_0,4.166666666666667,50,4.166666666666667,50,9
245,2023-01-01 05:05:00,HPC_0,12.5,150,0.0,0,
246,2023-01-01 05:05:00,NCS_0,29.166666666666668,350,0.0,0,
247,2023-01-01 05:05:00,MWC_0,41.666666666666664,500,0.0,0,
248,2023-01-01 05:10:00,LPC_0,4.166666666666667,50,4.166666666666667,50,9
249,2023-01-01 05:10:00,HPC_0,12.5,150,0.0,0,
250,2023-01-01 05:10:00,NCS_0,29.166666666666668,350,0.0,0,
251,2023-01-01 05:10:00,MWC_0,41.666666666666664,500,0.0,0,
252,2023-01-01 05:15:00,LPC_0,4.166666666666667,50,4.166666666666667,50,9
253,2023-01-01 05:15:00,HPC_0,12.5,150,0.0,0,
254,2023-01-01 05:15:00,NCS_0,29.166666666666668,350,0.0,0,
255,2023-01-01 05:15:00,MWC_0,41.666666666666664,500,0.0,0,
256,2023-01-01 05:20:00,LPC_0,4.166666666666667,50,4.166666666666667,50,9
257,2023-01-01 05:20:00,HPC_0,12.5,150,0.0,0,
258,2023-01-01 05:20:00,NCS_0,29.166666666666668,350,0.0,0,
259,2023-01-01 05:20:00,MWC_0,41.666666666666664,500,0.0,0,
260,2023-01-01 05:25:00,LPC_0,4.166666666666667,50,4.166666666666667,50,9
261,2023-01-01 05:25:00,HPC_0,12.5,150,0.0,0,
262,2023-01-01 05:25:00,NCS_0,29.166666666666668,350,0.0,0,
263,2023-01-01 05:25:00,MWC_0,41.666666666666664,500,0.0,0,
264,2023-01-01 05:30:00,LPC_0,4.166666666666667,50,4.166666666666667,50,9
265,2023-01-01 05:30:00,HPC_0,12.5,150,0.0,0,
266,2023-01-01 05:30:00,NCS_0,29.166666666666668,350,0.0,0,
267,2023-01-01 05:30:00,MWC_0,41.666666666666664,500,0.0,0,
268,2023-01-01 05:35:00,LPC_0,4.166666666666667,50,4.166666666666667,50,9
269,2023-01-01 05:35:00,HPC_0,12.5,150,0.0,0,
270,2023-01-01 05:35:00,NCS_0,29.166666666666668,350,0.0,0,
271,2023-01-01 05:35:00,MWC_0,41.666666666666664,500,0.0,0,
272,2023-01-01 05:40:00,LPC_0,4.166666666666667,50,4.166666666666667,50,9
273,2023-01-01 05:40:00,HPC_0,12.5,150,0.0,0,
274,2023-01-01 05:40:00,NCS_0,29.166666666666668,350,0.0,0,
275,2023-01-01 05:40:00,MWC_0,41.666666666666664,500,0.0,0,
276,2023-01-01 05:45:00,LPC_0,4.166666666666667,50,4.166666666666667,50,9
277,2023-01-01 05:45:00,HPC_0,12.5,150,0.0,0,
278,2023-01-01 05:45:00,NCS_0,29.166666666666668,350,0.0,0,
279,2023-01-01 05:45:00,MWC_0,41.666666666666664,500,0.0,0,
280,2023-01-01 05:50:00,LPC_0,4.166666666666667,50,4.166666666666667,50,9
281,2023-01-01 05:50:00,HPC_0,12.5,150,0.0,0,
282,2023-01-01 05:50:00,NCS_0,29.166666666666668,350,0.0,0,
283,2023-01-01 05:50:00,MWC_0,41.666666666666664,500,0.0,0,
284,2023-01-01 05:55:00,LPC_0,4.166666666666667,50,4.166666666666667,50,9
285,2023-01-01 05:55:00,HPC_0,12.5,150,0.0,0,
286,2023-01-01 05:55:00,NCS_0,29.166666666666668,350,0.0,0,
287,2023-01-01 05:55:00,MWC_0,41.666666666666664,500,0.0,0,
288,2023-01-01 06:00:00,LPC_0,4.166666666666667,50,4.166666666666667,50,9
289,2023-01-01 06:00:00,HPC_0,12.5,150,0.0,0,
290,2023-01-01 06:00:00,NCS_0,29.166666666666668,350,0.0,0,
291,2023-01-01 06:00:00,MWC_0,41.666666666666664,500,0.0,0,
292,2023-01-01 06:05:00,LPC_0,4.166666666666667,50,4.166666666666667,50,9
293,2023-01-01 06:05:00,HPC_0,12.5,150,0.0,0,
294,2023-01-01 06:05:00,NCS_0,29.166666666666668,350,0.0,0,
295,2023-01-01 06:05:00,MWC_0,41.666666666666664,500,0.0,0,
296,2023-01-01 06:10:00,LPC_0,4.166666666666667,50,4.166666666666667,50,9
297,2023-01-01 06:10:00,HPC_0,12.5,150,0.0,0,
298,2023-01-01 06:10:00,NCS_0,29.166666666666668,350,0.0,0,
299,2023-01-01 06:10:00,MWC_0,41.666666666666664,500,0.0,0,
300,2023-01-01 06:15:00,LPC_0,4.166666666666667,50,4.166666666666667,50,9
301,2023-01-01 06:15:00,HPC_0,12.5,150,0.0,0,
302,2023-01-01 06:15:00,NCS_0,29.166666666666668,350,0.0,0,
303,2023-01-01 06:15:00,MWC_0,41.666666666666664,500,0.0,0,
304,2023-01-01 06:20:00,LPC_0,4.166666666666667,50,4.166666666666667,50,9
305,2023-01-01 06:20:00,HPC_0,12.5,150,0.0,0,
306,2023-01-01 06:20:00,NCS_0,29.166666666666668,350,0.0,0,
307,2023-01-01 06:20:00,MWC_0,41.666666666666664,500,0.0,0,
308,2023-01-01 06:25:00,LPC_0,4.166666666666667,50,4.166666666666667,50,9
309,2023-01-01 06:25:00,HPC_0,12.5,150,0.0,0,
310,2023-01-01 06:25:00,NCS_0,29.166666666666668,350,0.0,0,
311,2023-01-01 06:25:00,MWC_0,41.666666666666664,500,0.0,0,
312,2023-01-01 06:30:00,LPC_0,4.166666666666667,50,4.166666666666667,50,9
313,2023-01-01 06:30:00,HPC_0,12.5,150,12.5,150,6
314,2023-01-01 06:30:00,NCS_0,29.166666666666668,350,0.0,0,
315,2023-01-01 06:30:00,MWC_0,41.666666666666664,500,0.0,0,
316,2023-01-01 06:35:00,LPC_0,4.166666666666667,50,4.166666666666667,50,9
317,2023-01-01 06:35:00,HPC_0,12.5,150,12.5,150,6
318,2023-01-01 06:35:00,NCS_0,29.166666666666668,350,0.0,0,
319,2023-01-01 06:35:00,MWC_0,41.666666666666664,500,0.0,0,
320,2023-01-01 06:40:00,LPC_0,4.166666666666667,50,4.166666666666667,50,9
321,2023-01-01 06:40:00,HPC_0,12.5,150,12.5,150,6
322,2023-01-01 06:40:00,NCS_0,29.166666666666668,350,0.0,0,
323,2023-01-01 06:40:00,MWC_0,41.666666666666664,500,0.0,0,
324,2023-01-01 06:45:00,LPC_0,4.166666666666667,50,4.166666666666667,50,9
325,2023-01-01 06:45:00,HPC_0,12.5,150,12.5,150,6
326,2023-01-01 06:45:00,NCS_0,29.166666666666668,350,0.0,0,
327,2023-01-01 06:45:00,MWC_0,41.666666666666664,500,0.0,0,
328,2023-01-01 06:50:00,LPC_0,4.166666666666667,50,4.166666666666667,50,9
329,2023-01-01 06:50:00,HPC_0,12.5,150,12.5,150,6
330,2023-01-01 06:50:00,NCS_0,29.166666666666668,350,0.0,0,
331,2023-01-01 06:50:00,MWC_0,41.666666666666664,500,0.0,0,
332,2023-01-01 06:55:00,LPC_0,4.166666666666667,50,4.166666666666667,50,9
333,2023-01-01 06:55:00,HPC_0,12.5,150,12.5,150,6
334,2023-01-01 06:55:00,NCS_0,29.166666666666668,350,0.0,0,
335,2023-01-01 06:55:00,MWC_0,41.666666666666664,500,0.0,0,
336,2023-01-01 07:00:00,LPC_0,4.166666666666667,50,4.166666666666667,50,9
337,2023-01-01 07:00:00,HPC_0,12.5,150,12.5,150,6
338,2023-01-01 07:00:00,NCS_0,29.166666666666668,350,0.0,0,
339,2023-01-01 07:00:00,MWC_0,41.666666666666664,500,0.0,0,
340,2023-01-01 07:05:00,LPC_0,4.166666666666667,50,4.166666666666667,50,9
341,2023-01-01 07:05:00,HPC_0,12.5,150,12.5,150,6
342,2023-01-01 07:05:00,NCS_0,29.166666666666668,350,0.0,0,
343,2023-01-01 07:05:00,MWC_0,41.666666666666664,500,0.0,0,
344,2023-01-01 07:10:00,LPC_0,4.166666666666667,50,4.166666666666667,50,9
345,2023-01-01 07:10:00,HPC_0,12.5,150,12.5,150,6
346,2023-01-01 07:10:00,NCS_0,29.166666666666668,350,0.0,0,
347,2023-01-01 07:10:00,MWC_0,41.666666666666664,500,0.0,0,
348,2023-01-01 07:15:00,LPC_0,4.166666666666667,50,4.166666666666667,50,9
349,2023-01-01 07:15:00,HPC_0,12.5,150,12.5,150,6
350,2023-01-01 07:15:00,NCS_0,29.166666666666668,350,0.0,0,
351,2023-01-01 07:15:00,MWC_0,41.666666666666664,500,0.0,0,
352,2023-01-01 07:20:00,LPC_0,4.166666666666667,50,4.166666666666667,50,9
353,2023-01-01 07:20:00,HPC_0,12.5,150,12.5,150,6
354,2023-01-01 07:20:00,NCS_0,29.166666666666668,350,0.0,0,
355,2023-01-01 07:20:00,MWC_0,41.666666666666664,500,0.0,0,
356,2023-01-01 07:25:00,LPC_0,4.166666666666667,50,4.166666666666667,50,9
357,2023-01-01 07:25:00,HPC_0,12.5,150,12.5,150,6
358,2023-01-01 07:25:00,NCS_0,29.166666666666668,350,0.0,0,
359,2023-01-01 07:25:00,MWC_0,41.666666666666664,500,0.0,0,
360,2023-01-01 07:30:00,LPC_0,4.166666666666667,50,4.166666666666667,50,9
361,2023-01-01 07:30:00,HPC_0,12.5,150,12.5,150,6
362,2023-01-01 07:30:00,NCS_0,29.166666666666668,350,0.0,0,
363,2023-01-01 07:30:00,MWC_0,41.666666666666664,500,0.0,0,
364,2023-01-01 07:35:00,LPC_0,4.166666666666667,50,4.166666666666667,50,9
365,2023-01-01 07:35:00,HPC_0,12.5,150,12.5,150,6
366,2023-01-01 07:35:00,NCS_0,29.166666666666668,350,0.0,0,
367,2023-01-01 07:35:00,MWC_0,41.666666666666664,500,0.0,0,
368,2023-01-01 07:40:00,LPC_0,4.166666666666667,50,4.166666666666667,50,9
369,2023-01-01 07:40:00,HPC_0,12.5,150,12.5,150,6
370,2023-01-01 07:40:00,NCS_0,29.166666666666668,350,0.0,0,
371,2023-01-01 07:40:00,MWC_0,41.666666666666664,500,0.0,0,
372,2023-01-01 07:45:00,LPC_0,4.166666666666667,50,4.166666666666667,50,9
373,2023-01-01 07:45:00,HPC_0,12.5,150,12.5,150,6
374,2023-01-01 07:45:00,NCS_0,29.166666666666668,350,0.0,0,
375,2023-01-01 07:45:00,MWC_0,41.666666666666664,500,0.0,0,
376,2023-01-01 07:50:00,LPC_0,4.166666666666667,50,4.166666666666667,50,9
377,2023-01-01 07:50:00,HPC_0,12.5,150,12.5,150,6
378,2023-01-01 07:50:00,NCS_0,29.166666666666668,350,0.0,0,
379,2023-01-01 07:50:00,MWC_0,41.666666666666664,500,0.0,0,
380,2023-01-01 07:55:00,LPC_0,4.166666666666667,50,4.166666666666667,50,9
381,2023-01-01 07:55:00,HPC_0,12.5,150,12.5,150,6
382,2023-01-01 07:55:00,NCS_0,29.166666666666668,350,0.0,0,
383,2023-01-01 07:55:00,MWC_0,41.666666666666664,500,0.0,0,
384,2023-01-01 08:00:00,LPC_0,4.166666666666667,50,4.166666666666667,50,9
385,2023-01-01 08:00:00,HPC_0,12.5,150,12.5,150,6
386,2023-01-01 08:00:00,NCS_0,29.166666666666668,350,0.0,0,
387,2023-01-01 08:00:00,MWC_0,41.666666666666664,500,0.0,0,
388,2023-01-01 08:05:00,LPC_0,4.166666666666667,50,4.166666666666667,50,9
389,2023-01-01 08:05:00,HPC_0,12.5,150,12.5,150,6
390,2023-01-01 08:05:00,NCS_0,29.166666666666668,350,0.0,0,
391,2023-01-01 08:05:00,MWC_0,41.666666666666664,500,0.0,0,
392,2023-01-01 08:10:00,LPC_0,4.166666666666667,50,4.166666666666667,50,9
393,2023-01-01 08:10:00,HPC_0,12.5,150,12.5,150,6
394,2023-01-01 08:10:00,NCS_0,29.166666666666668,350,0.0,0,
395,2023-01-01 08:10:00,MWC_0,41.666666666666664,500,0.0,0,
396,2023-01-01 08:15:00,LPC_0,4.166666666666667,50,4.166666666666667,50,9
397,2023-01-01 08:15:00,HPC_0,12.5,150,12.5,150,6
398,2023-01-01 08:15:00,NCS_0,29.166666666666668,350,0.0,0,
399,2023-01-01 08:15:00,MWC_0,41.666666666666664,500,0.0,0,
400,2023-01-01 08:20:00,LPC_0,4.166666666666667,50,4.166666666666667,50,9
401,2023-01-01 08:20:00,HPC_0,12.5,150,12.5,150,6
402,2023-01-01 08:20:00,NCS_0,29.166666666666668,350,0.0,0,
403,2023-01-01 08:20:00,MWC_0,41.666666666666664,500,0.0,0,
404,2023-01-01 08:25:00,LPC_0,4.166666666666667,50,4.166666666666667,50,9
405,2023-01-01 08:25:00,HPC_0,12.5,150,12.5,150,6
406,2023-01-01 08:25:00,NCS_0,29.166666666666668,350,0.0,0,
407,2023-01-01 08:25:00,MWC_0,41.666666666666664,500,0.0,0,
408,2023-01-01 08:30:00,LPC_0,4.166666666666667,50,4.166666666666667,50,9
409,2023-01-01 08:30:00,HPC_0,12.5,150,12.5,150,6
410,2023-01-01 08:30:00,NCS_0,29.166666666666668,350,0.0,0,
411,2023-01-01 08:30:00,MWC_0,41.666666666666664,500,0.0,0,
412,2023-01-01 08:35:00,LPC_0,4.166666666666667,50,4.166666666666667,50,9
413,2023-01-01 08:35:00,HPC_0,12.5,150,12.5,150,6
414,2023-01-01 08:35:00,NCS_0,29.166666666666668,350,0.0,0,
415,2023-01-01 08:35:00,MWC_0,41.666666666666664,500,0.0,0,
416,2023-01-01 08:40:00,LPC_0,4.166666666666667,50,4.166666666666667,50,9
417,2023-01-01 08:40:00,HPC_0,12.5,150,12.5,150,6
418,2023-01-01 08:40:00,NCS_0,29.166666666666668,350,0.0,0,
419,2023-01-01 08:40:00,MWC_0,41.666666666666664,500,0.0,0,
420,2023-01-01 08:45:00,LPC_0,4.166666666666667,50,4.166666666666667,50,9
421,2023-01-01 08:45:00,HPC_0,12.5,150,12.5,150,6
422,2023-01-01 08:45:00,NCS_0,29.166666666666668,350,0.0,0,
423,2023-01-01 08:45:00,MWC_0,41.666666666666664,500,0.0,0,
424,2023-01-01 08:50:00,LPC_0,4.166666666666667,50,4.166666666666667,50,9
425,2023-01-01 08:50:00,HPC_0,12.5,150,12.5,150,6
426,2023-01-01 08:50:00,NCS_0,29.166666666666668,350,0.0,0,
427,2023-01-01 08:50:00,MWC_0,41.666666666666664,500,0.0,0,
428,2023-01-01 08:55:00,LPC_0,4.166666666666667,50,4.166666666666667,50,9
429,2023-01-01 08:55:00,HPC_0,12.5,150,12.5,150,6
430,2023-01-01 08:55:00,NCS_0,29.166666666666668,350,0.0,0,
431,2023-01-01 08:55:00,MWC_0,41.666666666666664,500,0.0,0,
432,2023-01-01 09:00:00,LPC_0,4.166666666666667,50,4.166666666666667,50,9
433,2023-01-01 09:00:00,HPC_0,12.5,150,12.5,150,6
434,2023-01-01 09:00:00,NCS_0,29.166666666666668,350,0.0,0,
435,2023-01-01 09:00:00,MWC_0,41.666666666666664,500,0.0,0,
436,2023-01-01 09:05:00,LPC_0,4.166666666666667,50,4.166666666666667,50,9
437,2023-01-01 09:05:00,HPC_0,12.5,150,12.5,150,6
438,2023-01-01 09:05:00,NCS_0,29.166666666666668,350,0.0,0,
439,2023-01-01 09:05:00,MWC_0,41.666666666666664,500,0.0,0,
440,2023-01-01 09:10:00,LPC_0,4.166666666666667,50,4.166666666666667,50,9
441,2023-01-01 09:10:00,HPC_0,12.5,150,12.5,150,6
442,2023-01-01 09:10:00,NCS_0,29.166666666666668,350,0.0,0,
443,2023-01-01 09:10:00,MWC_0,41.666666666666664,500,41.666666666666664,500,0
444,2023-01-01 09:15:00,LPC_0,4.166666666666667,50,4.166666666666667,50,9
445,2023-01-01 09:15:00,HPC_0,12.5,150,12.5,150,6
446,2023-01-01 09:15:00,NCS_0,29.166666666666668,350,0.0,0,
447,2023-01-01 09:15:00,MWC_0,41.666666666666664,500,41.666666666666664,500,0
448,2023-01-01 09:20:00,LPC_0,4.166666666666667,50,4.166666666666667,50,9
449,2023-01-01 09:20:00,HPC_0,12.5,150,12.5,150,6
450,2023-01-01 09:20:00,NCS_0,29.166666666666668,350,0.0,0,
451,2023-01-01 09:20:00,MWC_0,41.666666666666664,500,41.666666666666664,500,0
452,2023-01-01 09:25:00,LPC_0,4.166666666666667,50,4.166666666666667,50,9
453,2023-01-01 09:25:00,HPC_0,12.5,150,12.5,150,6
454,2023-01-01 09:25:00,NCS_0,29.166666666666668,350,0.0,0,
455,2023-01-01 09:25:00,MWC_0,41.666666666666664,500,41.666666666666664,500,0
456,2023-01-01 09:30:00,LPC_0,4.166666666666667,50,4.166666666666667,50,9
457,2023-01-01 09:30:00,HPC_0,12.5,150,12.5,150,6
458,2023-01-01 09:30:00,NCS_0,29.166666666666668,350,0.0,0,
459,2023-01-01 09:30:00,MWC_0,41.666666666666664,500,41.666666666666664,500,0
460,2023-01-01 09:35:00,LPC_0,4.166666666666667,50,4.166666666666667,50,9
461,2023-01-01 09:35:00,HPC_0,12.5,150,12.5,150,6
462,2023-01-01 09:35:00,NCS_0,29.166666666666668,350,0.0,0,
463,2023-01-01 09:35:00,MWC_0,41.666666666666664,500,41.666666666666664,500,0
464,2023-01-01 09:40:00,LPC_0,4.166666666666667,50,4.166666666666667,50,9
465,2023-01-01 09:40:00,HPC_0,12.5,150,12.5,150,6
466,2023-01-01 09:40:00,NCS_0,29.166666666666668,350,0.0,0,
467,2023-01-01 09:40:00,MWC_0,41.666666666666664,500,41.666666666666664,500,0
468,2023-01-01 09:45:00,LPC_0,4.166666666666667,50,4.166666666666667,50,9
469,2023-01-01 09:45:00,HPC_0,12.5,150,12.5,150,6
470,2023-01-01 09:45:00,NCS_0,29.166666666666668,350,0.0,0,
471,2023-01-01 09:45:00,MWC_0,41.666666666666664,500,41.666666666666664,500,0
472,2023-01-01 09:50:00,LPC_0,4.166666666666667,50,4.166666666666667,50,9
473,2023-01-01 09:50:00,HPC_0,12.5,150,12.5,150,6
474,2023-01-01 09:50:00,NCS_0,29.166666666666668,350,0.0,0,
475,2023-01-01 09:50:00,MWC_0,41.666666666666664,500,41.666666666666664,500,0
476,2023-01-01 09:55:00,LPC_0,4.166666666666667,50,4.166666666666667,50,9
477,2023-01-01 09:55:00,HPC_0,12.5,150,12.5,150,6
478,2023-01-01 09:55:00,NCS_0,29.166666666666668,350,0.0,0,
479,2023-01-01 09:55:00,MWC_0,41.666666666666664,500,41.666666666666664,500,0
480,2023-01-01 10:00:00,LPC_0,4.166666666666667,50,4.166666666666667,50,9
481,2023-01-01 10:00:00,HPC_0,12.5,150,12.5,150,6
482,2023-01-01 10:00:00,NCS_0,29.166666666666668,350,0.0,0,
483,2023-01-01 10:00:00,MWC_0,41.666666666666664,500,41.666666666666664,500,0
484,2023-01-01 10:05:00,LPC_0,4.166666666666667,50,4.166666666666667,50,9
485,2023-01-01 10:05:00,HPC_0,12.5,150,12.5,150,6
486,2023-01-01 10:05:00,NCS_0,29.166666666666668,350,0.0,0,
487,2023-01-01 10:05:00,MWC_0,41.666666666666664,500,0.0,0,
488,2023-01-01 10:10:00,LPC_0,4.166666666666667,50,4.166666666666667,50,9
489,2023-01-01 10:10:00,HPC_0,12.5,150,12.5,150,6
490,2023-01-01 10:10:00,NCS_0,29.166666666666668,350,0.0,0,
491,2023-01-01 10:10:00,MWC_0,41.666666666666664,500,0.0,0,
492,2023-01-01 10:15:00,LPC_0,4.166666666666667,50,4.166666666666667,50,9
493,2023-01-01 10:15:00,HPC_0,12.5,150,12.5,150,6
494,2023-01-01 10:15:00,NCS_0,29.166666666666668,350,0.0,0,
495,2023-01-01 10:15:00,MWC_0,41.666666666666664,500,0.0,0,
496,2023-01-01 10:20:00,LPC_0,4.166666666666667,50,4.166666666666667,50,9
497,2023-01-01 10:20:00,HPC_0,12.5,150,12.5,150,6
498,2023-01-01 10:20:00,NCS_0,29.166666666666668,350,0.0,0,
499,2023-01-01 10:20:00,MWC_0,41.666666666666664,500,0.0,0,
500,2023-01-01 10:25:00,LPC_0,4.166666666666667,50,4.166666666666667,50,9
501,2023-01-01 10:25:00,HPC_0,12.5,150,12.5,150,6
502,2023-01-01 10:25:00,NCS_0,29.166666666666668,350,0.0,0,
503,2023-01-01 10:25:00,MWC_0,41.666666666666664,500,0.0,0,
504,2023-01-01 10:30:00,LPC_0,4.166666666666667,50,4.166666666666667,50,9
505,2023-01-01 10:30:00,HPC_0,12.5,150,0.0,0,
506,2023-01-01 10:30:00,NCS_0,29.166666666666668,350,0.0,0,
507,2023-01-01 10:30:00,MWC_0,41.666666666666664,500,0.0,0,
508,2023-01-01 10:35:00,LPC_0,4.166666666666667,50,4.166666666666667,50,9
509,2023-01-01 10:35:00,HPC_0,12.5,150,0.0,0,
510,2023-01-01 10:35:00,NCS_0,29.166666666666668,350,0.0,0,
511,2023-01-01 10:35:00,MWC_0,41.666666666666664,500,0.0,0,
512,2023-01-01 10:40:00,LPC_0,4.166666666666667,50,4.166666666666667,50,9
513,2023-01-01 10:40:00,HPC_0,12.5,150,0.0,0,
514,2023-01-01 10:40:00,NCS_0,29.166666666666668,350,0.0,0,
515,2023-01-01 10:40:00,MWC_0,41.666666666666664,500,0.0,0,
516,2023-01-01 10:45:00,LPC_0,4.166666666666667,50,4.166666666666667,50,9
517,2023-01-01 10:45:00,HPC_0,12.5,150,0.0,0,
518,2023-01-01 10:45:00,NCS_0,29.166666666666668,350,0.0,0,
519,2023-01-01 10:45:00,MWC_0,41.666666666666664,500,0.0,0,
520,2023-01-01 10:50:00,LPC_0,4.166666666666667,50,4.166666666666667,50,9
521,2023-01-01 10:50:00,HPC_0,12.5,150,0.0,0,
522,2023-01-01 10:50:00,NCS_0,29.166666666666668,350,0.0,0,
523,2023-01-01 10:50:00,MWC_0,41.666666666666664,500,0.0,0,
524,2023-01-01 10:55:00,LPC_0,4.166666666666667,50,4.166666666666667,50,9
525,2023-01-01 10:55:00,HPC_0,12.5,150,0.0,0,
526,2023-01-01 10:55:00,NCS_0,29.166666666666668,350,0.0,0,
527,2023-01-01 10:55:00,MWC_0,41.666666666666664,500,0.0,0,
528,2023-01-01 11:00:00,LPC_0,4.166666666666667,50,4.166666666666667,50,9
529,2023-01-01 11:00:00,HPC_0,12.5,150,0.0,0,
530,2023-01-01 11:00:00,NCS_0,29.166666666666668,350,0.0,0,
531,2023-01-01 11:00:00,MWC_0,41.666666666666664,500,0.0,0,
532,2023-01-01 11:05:00,LPC_0,4.166666666666667,50,4.166666666666667,50,9
533,2023-01-01 11:05:00,HPC_0,12.5,150,0.0,0,
534,2023-01-01 11:05:00,NCS_0,29.166666666666668,350,0.0,0,
535,2023-01-01 11:05:00,MWC_0,41.666666666666664,500,0.0,0,
536,2023-01-01 11:10:00,LPC_0,4.166666666666667,50,4.166666666666667,50,9
537,2023-01-01 11:10:00,HPC_0,12.5,150,0.0,0,
538,2023-01-01 11:10:00,NCS_0,29.166666666666668,350,0.0,0,
539,2023-01-01 11:10:00,MWC_0,41.666666666666664,500,0.0,0,
540,2023-01-01 11:15:00,LPC_0,4.166666666666667,50,4.166666666666667,50,9
541,2023-01-01 11:15:00,HPC_0,12.5,150,0.0,0,
542,2023-01-01 11:15:00,NCS_0,29.166666666666668,350,0.0,0,
543,2023-01-01 11:15:00,MWC_0,41.666666666666664,500,0.0,0,
544,2023-01-01 11:20:00,LPC_0,4.166666666666667,50,4.166666666666667,50,9
545,2023-01-01 11:20:00,HPC_0,12.5,150,0.0,0,
546,2023-01-01 11:20:00,NCS_0,29.166666666666668,350,0.0,0,
547,2023-01-01 11:20:00,MWC_0,41.666666666666664,500,0.0,0,
548,2023-01-01 11:25:00,LPC_0,4.166666666666667,50,4.166666666666667,50,9
549,2023-01-01 11:25:00,HPC_0,12.5,150,0.0,0,
550,2023-01-01 11:25:00,NCS_0,29.166666666666668,350,0.0,0,
551,2023-01-01 11:25:00,MWC_0,41.666666666666664,500,0.0,0,
552,2023-01-01 11:30:00,LPC_0,4.166666666666667,50,4.166666666666667,50,9
553,2023-01-01 11:30:00,HPC_0,12.5,150,0.0,0,
554,2023-01-01 11:30:00,NCS_0,29.166666666666668,350,0.0,0,
555,2023-01-01 11:30:00,MWC_0,41.666666666666664,500,0.0,0,
556,2023-01-01 11:35:00,LPC_0,4.166666666666667,50,4.166666666666667,50,9
557,2023-01-01 11:35:00,HPC_0,12.5,150,0.0,0,
558,2023-01-01 11:35:00,NCS_0,29.166666666666668,350,0.0,0,
559,2023-01-01 11:35:00,MWC_0,41.666666666666664,500,0.0,0,
560,2023-01-01 11:40:00,LPC_0,4.166666666666667,50,4.166666666666667,50,9
561,2023-01-01 11:40:00,HPC_0,12.5,150,0.0,0,
562,2023-01-01 11:40:00,NCS_0,29.166666666666668,350,0.0,0,
563,2023-01-01 11:40:00,MWC_0,41.666666666666664,500,0.0,0,
564,2023-01-01 11:45:00,LPC_0,4.166666666666667,50,4.166666666666667,50,9
565,2023-01-01 11:45:00,HPC_0,12.5,150,0.0,0,
566,2023-01-01 11:45:00,NCS_0,29.166666666666668,350,0.0,0,
567,2023-01-01 11:45:00,MWC_0,41.666666666666664,500,0.0,0,
568,2023-01-01 11:50:00,LPC_0,4.166666666666667,50,4.166666666666667,50,9
569,2023-01-01 11:50:00,HPC_0,12.5,150,0.0,0,
570,2023-01-01 11:50:00,NCS_0,29.166666666666668,350,0.0,0,
571,2023-01-01 11:50:00,MWC_0,41.666666666666664,500,0.0,0,
572,2023-01-01 11:55:00,LPC_0,4.166666666666667,50,4.166666666666667,50,9
573,2023-01-01 11:55:00,HPC_0,12.5,150,0.0,0,
574,2023-01-01 11:55:00,NCS_0,29.166666666666668,350,0.0,0,
575,2023-01-01 11:55:00,MWC_0,41.666666666666664,500,0.0,0,
576,2023-01-01 12:00:00,LPC_0,4.166666666666667,50,4.166666666666667,50,9
577,2023-01-01 12:00:00,HPC_0,12.5,150,12.5,150,7
578,2023-01-01 12:00:00,NCS_0,29.166666666666668,350,0.0,0,
579,2023-01-01 12:00:00,MWC_0,41.666666666666664,500,0.0,0,
580,2023-01-01 12:05:00,LPC_0,4.166666666666667,50,4.166666666666667,50,9
581,2023-01-01 12:05:00,HPC_0,12.5,150,12.5,150,7
582,2023-01-01 12:05:00,NCS_0,29.166666666666668,350,0.0,0,
583,2023-01-01 12:05:00,MWC_0,41.666666666666664,500,0.0,0,
584,2023-01-01 12:10:00,LPC_0,4.166666666666667,50,4.166666666666667,50,9
585,2023-01-01 12:10:00,HPC_0,12.5,150,12.5,150,7
586,2023-01-01 12:10:00,NCS_0,29.166666666666668,350,0.0,0,
587,2023-01-01 12:10:00,MWC_0,41.666666666666664,500,0.0,0,
588,2023-01-01 12:15:00,LPC_0,4.166666666666667,50,4.166666666666667,50,9
589,2023-01-01 12:15:00,HPC_0,12.5,150,12.5,150,7
590,2023-01-01 12:15:00,NCS_0,29.166666666666668,350,0.0,0,
591,2023-01-01 12:15:00,MWC_0,41.666666666666664,500,0.0,0,
592,2023-01-01 12:20:00,LPC_0,4.166666666666667,50,4.166666666666667,50,9
593,2023-01-01 12:20:00,HPC_0,12.5,150,12.5,150,7
594,2023-01-01 12:20:00,NCS_0,29.166666666666668,350,0.0,0,
595,2023-01-01 12:20:00,MWC_0,41.666666666666664,500,0.0,0,
596,2023-01-01 12:25:00,LPC_0,4.166666666666667,50,4.166666666666667,50,9
597,2023-01-01 12:25:00,HPC_0,12.5,150,12.5,150,7
598,2023-01-01 12:25:00,NCS_0,29.166666666666668,350,0.0,0,
599,2023-01-01 12:25:00,MWC_0,41.666666666666664,500,0.0,0,
600,2023-01-01 12:30:00,LPC_0,4.166666666666667,50,4.166666666666667,50,9
601,2023-01-01 12:30:00,HPC_0,12.5,150,12.5,150,7
602,2023-01-01 12:30:00,NCS_0,29.166666666666668,350,0.0,0,
603,2023-01-01 12:30:00,MWC_0,41.666666666666664,500,0.0,0,
604,2023-01-01 12:35:00,LPC_0,4.166666666666667,50,4.166666666666667,50,9
605,2023-01-01 12:35:00,HPC_0,12.5,150,12.5,150,7
606,2023-01-01 12:35:00,NCS_0,29.166666666666668,350,0.0,0,
607,2023-01-01 12:35:00,MWC_0,41.666666666666664,500,0.0,0,
608,2023-01-01 12:40:00,LPC_0,4.166666666666667,50,4.166666666666667,50,9
609,2023-01-01 12:40:00,HPC_0,12.5,150,12.5,150,7
610,2023-01-01 12:40:00,NCS_0,29.166666666666668,350,0.0,0,
611,2023-01-01 12:40:00,MWC_0,41.666666666666664,500,0.0,0,
612,2023-01-01 12:45:00,LPC_0,4.166666666666667,50,0.0,0,
613,2023-01-01 12:45:00,HPC_0,12.5,150,12.5,150,7
614,2023-01-01 12:45:00,NCS_0,29.166666666666668,350,0.0,0,
615,2023-01-01 12:45:00,MWC_0,41.666666666666664,500,0.0,0,
616,2023-01-01 12:50:00,LPC_0,4.166666666666667,50,0.0,0,
617,2023-01-01 12:50:00,HPC_0,12.5,150,12.5,150,7
618,2023-01-01 12:50:00,NCS_0,29.166666666666668,350,0.0,0,
619,2023-01-01 12:50:00,MWC_0,41.666666666666664,500,0.0,0,
620,2023-01-01 12:55:00,LPC_0,4.166666666666667,50,0.0,0,
621,2023-01-01 12:55:00,HPC_0,12.5,150,12.5,150,7
622,2023-01-01 12:55:00,NCS_0,29.166666666666668,350,0.0,0,
623,2023-01-01 12:55:00,MWC_0,41.666666666666664,500,0.0,0,
624,2023-01-01 13:00:00,LPC_0,4.166666666666667,50,0.0,0,
625,2023-01-01 13:00:00,HPC_0,12.5,150,12.5,150,7
626,2023-01-01 13:00:00,NCS_0,29.166666666666668,350,0.0,0,
627,2023-01-01 13:00:00,MWC_0,41.666666666666664,500,0.0,0,
628,2023-01-01 13:05:00,LPC_0,4.166666666666667,50,0.0,0,
629,2023-01-01 13:05:00,HPC_0,12.5,150,12.5,150,7
630,2023-01-01 13:05:00,NCS_0,29.166666666666668,350,0.0,0,
631,2023-01-01 13:05:00,MWC_0,41.666666666666664,500,0.0,0,
632,2023-01-01 13:10:00,LPC_0,4.166666666666667,50,0.0,0,
633,2023-01-01 13:10:00,HPC_0,12.5,150,12.5,150,7
634,2023-01-01 13:10:00,NCS_0,29.166666666666668,350,0.0,0,
635,2023-01-01 13:10:00,MWC_0,41.666666666666664,500,0.0,0,
636,2023-01-01 13:15:00,LPC_0,4.166666666666667,50,0.0,0,
637,2023-01-01 13:15:00,HPC_0,12.5,150,12.5,150,7
638,2023-01-01 13:15:00,NCS_0,29.166666666666668,350,0.0,0,
639,2023-01-01 13:15:00,MWC_0,41.666666666666664,500,0.0,0,
640,2023-01-01 13:20:00,LPC_0,4.166666666666667,50,0.0,0,
641,2023-01-01 13:20:00,HPC_0,12.5,150,12.5,150,7
642,2023-01-01 13:20:00,NCS_0,29.166666666666668,350,0.0,0,
643,2023-01-01 13:20:00,MWC_0,41.666666666666664,500,0.0,0,
644,2023-01-01 13:25:00,LPC_0,4.166666666666667,50,0.0,0,
645,2023-01-01 13:25:00,HPC_0,12.5,150,12.5,150,7
646,2023-01-01 13:25:00,NCS_0,29.166666666666668,350,0.0,0,
647,2023-01-01 13:25:00,MWC_0,41.666666666666664,500,0.0,0,
648,2023-01-01 13:30:00,LPC_0,4.166666666666667,50,0.0,0,
649,2023-01-01 13:30:00,HPC_0,12.5,150,12.5,150,7
650,2023-01-01 13:30:00,NCS_0,29.166666666666668,350,0.0,0,
651,2023-01-01 13:30:00,MWC_0,41.666666666666664,500,0.0,0,
652,2023-01-01 13:35:00,LPC_0,4.166666666666667,50,0.0,0,
653,2023-01-01 13:35:00,HPC_0,12.5,150,12.5,150,7
654,2023-01-01 13:35:00,NCS_0,29.166666666666668,350,0.0,0,
655,2023-01-01 13:35:00,MWC_0,41.666666666666664,500,0.0,0,
656,2023-01-01 13:40:00,LPC_0,4.166666666666667,50,0.0,0,
657,2023-01-01 13:40:00,HPC_0,12.5,150,12.5,150,7
658,2023-01-01 13:40:00,NCS_0,29.166666666666668,350,0.0,0,
659,2023-01-01 13:40:00,MWC_0,41.666666666666664,500,0.0,0,
660,2023-01-01 13:45:00,LPC_0,4.166666666666667,50,0.0,0,
661,2023-01-01 13:45:00,HPC_0,12.5,150,12.5,150,7
662,2023-01-01 13:45:00,NCS_0,29.166666666666668,350,0.0,0,
663,2023-01-01 13:45:00,MWC_0,41.666666666666664,500,0.0,0,
664,2023-01-01 13:50:00,LPC_0,4.166666666666667,50,0.0,0,
665,2023-01-01 13:50:00,HPC_0,12.5,150,12.5,150,7
666,2023-01-01 13:50:00,NCS_0,29.166666666666668,350,0.0,0,
667,2023-01-01 13:50:00,MWC_0,41.666666666666664,500,0.0,0,
668,2023-01-01 13:55:00,LPC_0,4.166666666666667,50,0.0,0,
669,2023-01-01 13:55:00,HPC_0,12.5,150,12.5,150,7
670,2023-01-01 13:55:00,NCS_0,29.166666666666668,350,0.0,0,
671,2023-01-01 13:55:00,MWC_0,41.666666666666664,500,0.0,0,
672,2023-01-01 14:00:00,LPC_0,4.166666666666667,50,0.0,0,
673,2023-01-01 14:00:00,HPC_0,12.5,150,12.5,150,7
674,2023-01-01 14:00:00,NCS_0,29.166666666666668,350,0.0,0,
675,2023-01-01 14:00:00,MWC_0,41.666666666666664,500,0.0,0,
676,2023-01-01 14:05:00,LPC_0,4.166666666666667,50,0.0,0,
677,2023-01-01 14:05:00,HPC_0,12.5,150,12.5,150,7
678,2023-01-01 14:05:00,NCS_0,29.166666666666668,350,0.0,0,
679,2023-01-01 14:05:00,MWC_0,41.666666666666664,500,0.0,0,
680,2023-01-01 14:10:00,LPC_0,4.166666666666667,50,0.0,0,
681,2023-01-01 14:10:00,HPC_0,12.5,150,12.5,150,7
682,2023-01-01 14:10:00,NCS_0,29.166666666666668,350,0.0,0,
683,2023-01-01 14:10:00,MWC_0,41.666666666666664,500,0.0,0,
684,2023-01-01 14:15:00,LPC_0,4.166666666666667,50,0.0,0,
685,2023-01-01 14:15:00,HPC_0,12.5,150,12.5,150,7
686,2023-01-01 14:15:00,NCS_0,29.166666666666668,350,0.0,0,
687,2023-01-01 14:15:00,MWC_0,41.666666666666664,500,0.0,0,
688,2023-01-01 14:20:00,LPC_0,4.166666666666667,50,0.0,0,
689,2023-01-01 14:20:00,HPC_0,12.5,150,12.5,150,7
690,2023-01-01 14:20:00,NCS_0,29.166666666666668,350,0.0,0,
691,2023-01-01 14:20:00,MWC_0,41.666666666666664,500,0.0,0,
692,2023-01-01 14:25:00,LPC_0,4.166666666666667,50,0.0,0,
693,2023-01-01 14:25:00,HPC_0,12.5,150,12.5,150,7
694,2023-01-01 14:25:00,NCS_0,29.166666666666668,350,0.0,0,
695,2023-01-01 14:25:00,MWC_0,41.666666666666664,500,0.0,0,
696,2023-01-01 14:30:00,LPC_0,4.166666666666667,50,0.0,0,
697,2023-01-01 14:30:00,HPC_0,12.5,150,12.5,150,7
698,2023-01-01 14:30:00,NCS_0,29.166666666666668,350,0.0,0,
699,2023-01-01 14:30:00,MWC_0,41.666666666666664,500,0.0,0,
700,2023-01-01 14:35:00,LPC_0,4.166666666666667,50,0.0,0,
701,2023-01-01 14:35:00,HPC_0,12.5,150,12.5,150,7
702,2023-01-01 14:35:00,NCS_0,29.166666666666668,350,0.0,0,
703,2023-01-01 14:35:00,MWC_0,41.666666666666664,500,0.0,0,
704,2023-01-01 14:40:00,LPC_0,4.166666666666667,50,0.0,0,
705,2023-01-01 14:40:00,HPC_0,12.5,150,12.5,150,7
706,2023-01-01 14:40:00,NCS_0,29.166666666666668,350,0.0,0,
707,2023-01-01 14:40:00,MWC_0,41.666666666666664,500,0.0,0,
708,2023-01-01 14:45:00,LPC_0,4.166666666666667,50,0.0,0,
709,2023-01-01 14:45:00,HPC_0,12.5,150,12.5,150,7
710,2023-01-01 14:45:00,NCS_0,29.166666666666668,350,0.0,0,
711,2023-01-01 14:45:00,MWC_0,41.666666666666664,500,0.0,0,
712,2023-01-01 14:50:00,LPC_0,4.166666666666667,50,0.0,0,
713,2023-01-01 14:50:00,HPC_0,12.5,150,12.5,150,7
714,2023-01-01 14:50:00,NCS_0,29.166666666666668,350,0.0,0,
715,2023-01-01 14:50:00,MWC_0,41.666666666666664,500,0.0,0,
716,2023-01-01 14:55:00,LPC_0,4.166666666666667,50,0.0,0,
717,2023-01-01 14:55:00,HPC_0,12.5,150,12.5,150,7
718,2023-01-01 14:55:00,NCS_0,29.166666666666668,350,0.0,0,
719,2023-01-01 14:55:00,MWC_0,41.666666666666664,500,0.0,0,
720,2023-01-01 15:00:00,LPC_0,4.166666666666667,50,0.0,0,
721,2023-01-01 15:00:00,HPC_0,12.5,150,12.5,150,7
722,2023-01-01 15:00:00,NCS_0,29.166666666666668,350,0.0,0,
723,2023-01-01 15:00:00,MWC_0,41.666666666666664,500,0.0,0,
724,2023-01-01 15:05:00,LPC_0,4.166666666666667,50,0.0,0,
725,2023-01-01 15:05:00,HPC_0,12.5,150,12.5,150,7
726,2023-01-01 15:05:00,NCS_0,29.166666666666668,350,0.0,0,
727,2023-01-01 15:05:00,MWC_0,41.666666666666664,500,0.0,0,
728,2023-01-01 15:10:00,LPC_0,4.166666666666667,50,0.0,0,
729,2023-01-01 15:10:00,HPC_0,12.5,150,12.5,150,7
730,2023-01-01 15:10:00,NCS_0,29.166666666666668,350,0.0,0,
731,2023-01-01 15:10:00,MWC_0,41.666666666666664,500,0.0,0,
732,2023-01-01 15:15:00,LPC_0,4.166666666666667,50,0.0,0,
733,2023-01-01 15:15:00,HPC_0,12.5,150,12.5,150,7
734,2023-01-01 15:15:00,NCS_0,29.166666666666668,350,0.0,0,
735,2023-01-01 15:15:00,MWC_0,41.666666666666664,500,0.0,0,
736,2023-01-01 15:20:00,LPC_0,4.166666666666667,50,0.0,0,
737,2023-01-01 15:20:00,HPC_0,12.5,150,12.5,150,7
738,2023-01-01 15:20:00,NCS_0,29.166666666666668,350,0.0,0,
739,2023-01-01 15:20:00,MWC_0,41.666666666666664,500,0.0,0,
740,2023-01-01 15:25:00,LPC_0,4.166666666666667,50,0.0,0,
741,2023-01-01 15:25:00,HPC_0,12.5,150,12.5,150,7
742,2023-01-01 15:25:00,NCS_0,29.166666666666668,350,0.0,0,
743,2023-01-01 15:25:00,MWC_0,41.666666666666664,500,0.0,0,
744,2023-01-01 15:30:00,LPC_0,4.166666666666667,50,0.0,0,
745,2023-01-01 15:30:00,HPC_0,12.5,150,12.5,150,7
746,2023-01-01 15:30:00,NCS_0,29.166666666666668,350,0.0,0,
747,2023-01-01 15:30:00,MWC_0,41.666666666666664,500,0.0,0,
748,2023-01-01 15:35:00,LPC_0,4.166666666666667,50,0.0,0,
749,2023-01-01 15:35:00,HPC_0,12.5,150,12.5,150,7
750,2023-01-01 15:35:00,NCS_0,29.166666666666668,350,0.0,0,
751,2023-01-01 15:35:00,MWC_0,41.666666666666664,500,0.0,0,
752,2023-01-01 15:40:00,LPC_0,4.166666666666667,50,0.0,0,
753,2023-01-01 15:40:00,HPC_0,12.5,150,0.0,0,
754,2023-01-01 15:40:00,NCS_0,29.166666666666668,350,0.0,0,
755,2023-01-01 15:40:00,MWC_0,41.666666666666664,500,0.0,0,
756,2023-01-01 15:45:00,LPC_0,4.166666666666667,50,0.0,0,
757,2023-01-01 15:45:00,HPC_0,12.5,150,0.0,0,
758,2023-01-01 15:45:00,NCS_0,29.166666666666668,350,0.0,0,
759,2023-01-01 15:45:00,MWC_0,41.666666666666664,500,0.0,0,
760,2023-01-01 15:50:00,LPC_0,4.166666666666667,50,0.0,0,
761,2023-01-01 15:50:00,HPC_0,12.5,150,0.0,0,
762,2023-01-01 15:50:00,NCS_0,29.166666666666668,350,0.0,0,
763,2023-01-01 15:50:00,MWC_0,41.666666666666664,500,0.0,0,
764,2023-01-01 15:55:00,LPC_0,4.166666666666667,50,0.0,0,
765,2023-01-01 15:55:00,HPC_0,12.5,150,0.0,0,
766,2023-01-01 15:55:00,NCS_0,29.166666666666668,350,0.0,0,
767,2023-01-01 15:55:00,MWC_0,41.666666666666664,500,0.0,0,
768,2023-01-01 16:00:00,LPC_0,4.166666666666667,50,0.0,0,
769,2023-01-01 16:00:00,HPC_0,12.5,150,0.0,0,
770,2023-01-01 16:00:00,NCS_0,29.166666666666668,350,0.0,0,
771,2023-01-01 16:00:00,MWC_0,41.666666666666664,500,0.0,0,
772,2023-01-01 16:05:00,LPC_0,4.166666666666667,50,0.0,0,
773,2023-01-01 16:05:00,HPC_0,12.5,150,0.0,0,
774,2023-01-01 16:05:00,NCS_0,29.166666666666668,350,0.0,0,
775,2023-01-01 16:05:00,MWC_0,41.666666666666664,500,0.0,0,
776,2023-01-01 16:10:00,LPC_0,4.166666666666667,50,0.0,0,
777,2023-01-01 16:10:00,HPC_0,12.5,150,0.0,0,
778,2023-01-01 16:10:00,NCS_0,29.166666666666668,350,0.0,0,
779,2023-01-01 16:10:00,MWC_0,41.666666666666664,500,0.0,0,
780,2023-01-01 16:15:00,LPC_0,4.166666666666667,50,0.0,0,
781,2023-01-01 16:15:00,HPC_0,12.5,150,0.0,0,
782,2023-01-01 16:15:00,NCS_0,29.166666666666668,350,0.0,0,
783,2023-01-01 16:15:00,MWC_0,41.666666666666664,500,0.0,0,
784,2023-01-01 16:20:00,LPC_0,4.166666666666667,50,0.0,0,
785,2023-01-01 16:20:00,HPC_0,12.5,150,0.0,0,
786,2023-01-01 16:20:00,NCS_0,29.166666666666668,350,0.0,0,
787,2023-01-01 16:20:00,MWC_0,41.666666666666664,500,0.0,0,
788,2023-01-01 16:25:00,LPC_0,4.166666666666667,50,0.0,0,
789,2023-01-01 16:25:00,HPC_0,12.5,150,0.0,0,
790,2023-01-01 16:25:00,NCS_0,29.166666666666668,350,0.0,0,
791,2023-01-01 16:25:00,MWC_0,41.666666666666664,500,0.0,0,
792,2023-01-01 16:30:00,LPC_0,4.166666666666667,50,0.0,0,
793,2023-01-01 16:30:00,HPC_0,12.5,150,0.0,0,
794,2023-01-01 16:30:00,NCS_0,29.166666666666668,350,0.0,0,
795,2023-01-01 16:30:00,MWC_0,41.666666666666664,500,0.0,0,
796,2023-01-01 16:35:00,LPC_0,4.166666666666667,50,0.0,0,
797,2023-01-01 16:35:00,HPC_0,12.5,150,0.0,0,
798,2023-01-01 16:35:00,NCS_0,29.166666666666668,350,0.0,0,
799,2023-01-01 16:35:00,MWC_0,41.666666666666664,500,0.0,0,
800,2023-01-01 16:40:00,LPC_0,4.166666666666667,50,0.0,0,
801,2023-01-01 16:40:00,HPC_0,12.5,150,0.0,0,
802,2023-01-01 16:40:00,NCS_0,29.166666666666668,350,0.0,0,
803,2023-01-01 16:40:00,MWC_0,41.666666666666664,500,0.0,0,
804,2023-01-01 16:45:00,LPC_0,4.166666666666667,50,0.0,0,
805,2023-01-01 16:45:00,HPC_0,12.5,150,0.0,0,
806,2023-01-01 16:45:00,NCS_0,29.166666666666668,350,0.0,0,
807,2023-01-01 16:45:00,MWC_0,41.666666666666664,500,0.0,0,
808,2023-01-01 16:50:00,LPC_0,4.166666666666667,50,0.0,0,
809,2023-01-01 16:50:00,HPC_0,12.5,150,0.0,0,
810,2023-01-01 16:50:00,NCS_0,29.166666666666668,350,0.0,0,
811,2023-01-01 16:50:00,MWC_0,41.666666666666664,500,0.0,0,
812,2023-01-01 16:55:00,LPC_0,4.166666666666667,50,0.0,0,
813,2023-01-01 16:55:00,HPC_0,12.5,150,0.0,0,
814,2023-01-01 16:55:00,NCS_0,29.166666666666668,350,0.0,0,
815,2023-01-01 16:55:00,MWC_0,41.666666666666664,500,0.0,0,
816,2023-01-01 17:00:00,LPC_0,4.166666666666667,50,0.0,0,
817,2023-01-01 17:00:00,HPC_0,12.5,150,0.0,0,
818,2023-01-01 17:00:00,NCS_0,29.166666666666668,350,0.0,0,
819,2023-01-01 17:00:00,MWC_0,41.666666666666664,500,0.0,0,
820,2023-01-01 17:05:00,LPC_0,4.166666666666667,50,0.0,0,
821,2023-01-01 17:05:00,HPC_0,12.5,150,0.0,0,
822,2023-01-01 17:05:00,NCS_0,29.166666666666668,350,0.0,0,
823,2023-01-01 17:05:00,MWC_0,41.666666666666664,500,41.666666666666664,500,2
824,2023-01-01 17:10:00,LPC_0,4.166666666666667,50,0.0,0,
825,2023-01-01 17:10:00,HPC_0,12.5,150,0.0,0,
826,2023-01-01 17:10:00,NCS_0,29.166666666666668,350,0.0,0,
827,2023-01-01 17:10:00,MWC_0,41.666666666666664,500,41.666666666666664,500,2
828,2023-01-01 17:15:00,LPC_0,4.166666666666667,50,0.0,0,
829,2023-01-01 17:15:00,HPC_0,12.5,150,0.0,0,
830,2023-01-01 17:15:00,NCS_0,29.166666666666668,350,0.0,0,
831,2023-01-01 17:15:00,MWC_0,41.666666666666664,500,41.666666666666664,500,2
832,2023-01-01 17:20:00,LPC_0,4.166666666666667,50,0.0,0,
833,2023-01-01 17:20:00,HPC_0,12.5,150,0.0,0,
834,2023-01-01 17:20:00,NCS_0,29.166666666666668,350,0.0,0,
835,2023-01-01 17:20:00,MWC_0,41.666666666666664,500,41.666666666666664,500,2
836,2023-01-01 17:25:00,LPC_0,4.166666666666667,50,0.0,0,
837,2023-01-01 17:25:00,HPC_0,12.5,150,0.0,0,
838,2023-01-01 17:25:00,NCS_0,29.166666666666668,350,0.0,0,
839,2023-01-01 17:25:00,MWC_0,41.666666666666664,500,41.666666666666664,500,2
840,2023-01-01 17:30:00,LPC_0,4.166666666666667,50,0.0,0,
841,2023-01-01 17:30:00,HPC_0,12.5,150,0.0,0,
842,2023-01-01 17:30:00,NCS_0,29.166666666666668,350,0.0,0,
843,2023-01-01 17:30:00,MWC_0,41.666666666666664,500,41.666666666666664,500,2
844,2023-01-01 17:35:00,LPC_0,4.166666666666667,50,0.0,0,
845,2023-01-01 17:35:00,HPC_0,12.5,150,0.0,0,
846,2023-01-01 17:35:00,NCS_0,29.166666666666668,350,0.0,0,
847,2023-01-01 17:35:00,MWC_0,41.666666666666664,500,41.666666666666664,500,2
848,2023-01-01 17:40:00,LPC_0,4.166666666666667,50,0.0,0,
849,2023-01-01 17:40:00,HPC_0,12.5,150,0.0,0,
850,2023-01-01 17:40:00,NCS_0,29.166666666666668,350,0.0,0,
851,2023-01-01 17:40:00,MWC_0,41.666666666666664,500,41.666666666666664,500,2
852,2023-01-01 17:45:00,LPC_0,4.166666666666667,50,0.0,0,
853,2023-01-01 17:45:00,HPC_0,12.5,150,0.0,0,
854,2023-01-01 17:45:00,NCS_0,29.166666666666668,350,0.0,0,
855,2023-01-01 17:45:00,MWC_0,41.666666666666664,500,41.666666666666664,500,2
856,2023-01-01 17:50:00,LPC_0,4.166666666666667,50,0.0,0,
857,2023-01-01 17:50:00,HPC_0,12.5,150,0.0,0,
858,2023-01-01 17:50:00,NCS_0,29.166666666666668,350,0.0,0,
859,2023-01-01 17:50:00,MWC_0,41.666666666666664,500,41.666666666666664,500,2
860,2023-01-01 17:55:00,LPC_0,4.166666666666667,50,0.0,0,
861,2023-01-01 17:55:00,HPC_0,12.5,150,0.0,0,
862,2023-01-01 17:55:00,NCS_0,29.166666666666668,350,0.0,0,
863,2023-01-01 17:55:00,MWC_0,41.666666666666664,500,41.666666666666664,500,2
864,2023-01-01 18:00:00,LPC_0,4.166666666666667,50,0.0,0,
865,2023-01-01 18:00:00,HPC_0,12.5,150,0.0,0,
866,2023-01-01 18:00:00,NCS_0,29.166666666666668,350,0.0,0,
867,2023-01-01 18:00:00,MWC_0,41.666666666666664,500,0.0,0,
868,2023-01-01 18:05:00,LPC_0,4.166666666666667,50,0.0,0,
869,2023-01-01 18:05:00,HPC_0,12.5,150,0.0,0,
870,2023-01-01 18:05:00,NCS_0,29.166666666666668,350,0.0,0,
871,2023-01-01 18:05:00,MWC_0,41.666666666666664,500,0.0,0,
872,2023-01-01 18:10:00,LPC_0,4.166666666666667,50,0.0,0,
873,2023-01-01 18:10:00,HPC_0,12.5,150,0.0,0,
874,2023-01-01 18:10:00,NCS_0,29.166666666666668,350,0.0,0,
875,2023-01-01 18:10:00,MWC_0,41.666666666666664,500,0.0,0,
876,2023-01-01 18:15:00,LPC_0,4.166666666666667,50,0.0,0,
877,2023-01-01 18:15:00,HPC_0,12.5,150,0.0,0,
878,2023-01-01 18:15:00,NCS_0,29.166666666666668,350,0.0,0,
879,2023-01-01 18:15:00,MWC_0,41.666666666666664,500,0.0,0,
880,2023-01-01 18:20:00,LPC_0,4.166666666666667,50,0.0,0,
881,2023-01-01 18:20:00,HPC_0,12.5,150,0.0,0,
882,2023-01-01 18:20:00,NCS_0,29.166666666666668,350,0.0,0,
883,2023-01-01 18:20:00,MWC_0,41.666666666666664,500,0.0,0,
884,2023-01-01 18:25:00,LPC_0,4.166666666666667,50,0.0,0,
885,2023-01-01 18:25:00,HPC_0,12.5,150,0.0,0,
886,2023-01-01 18:25:00,NCS_0,29.166666666666668,350,0.0,0,
887,2023-01-01 18:25:00,MWC_0,41.666666666666664,500,0.0,0,
888,2023-01-01 18:30:00,LPC_0,4.166666666666667,50,0.0,0,
889,2023-01-01 18:30:00,HPC_0,12.5,150,0.0,0,
890,2023-01-01 18:30:00,NCS_0,29.166666666666668,350,0.0,0,
891,2023-01-01 18:30:00,MWC_0,41.666666666666664,500,0.0,0,
892,2023-01-01 18:35:00,LPC_0,4.166666666666667,50,0.0,0,
893,2023-01-01 18:35:00,HPC_0,12.5,150,0.0,0,
894,2023-01-01 18:35:00,NCS_0,29.166666666666668,350,0.0,0,
895,2023-01-01 18:35:00,MWC_0,41.666666666666664,500,0.0,0,
896,2023-01-01 18:40:00,LPC_0,4.166666666666667,50,0.0,0,
897,2023-01-01 18:40:00,HPC_0,12.5,150,0.0,0,
898,2023-01-01 18:40:00,NCS_0,29.166666666666668,350,0.0,0,
899,2023-01-01 18:40:00,MWC_0,41.666666666666664,500,0.0,0,
900,2023-01-01 18:45:00,LPC_0,4.166666666666667,50,0.0,0,
901,2023-01-01 18:45:00,HPC_0,12.5,150,0.0,0,
902,2023-01-01 18:45:00,NCS_0,29.166666666666668,350,0.0,0,
903,2023-01-01 18:45:00,MWC_0,41.666666666666664,500,0.0,0,
904,2023-01-01 18:50:00,LPC_0,4.166666666666667,50,0.0,0,
905,2023-01-01 18:50:00,HPC_0,12.5,150,0.0,0,
906,2023-01-01 18:50:00,NCS_0,29.166666666666668,350,0.0,0,
907,2023-01-01 18:50:00,MWC_0,41.666666666666664,500,0.0,0,
908,2023-01-01 18:55:00,LPC_0,4.166666666666667,50,0.0,0,
909,2023-01-01 18:55:00,HPC_0,12.5,150,0.0,0,
910,2023-01-01 18:55:00,NCS_0,29.166666666666668,350,0.0,0,
911,2023-01-01 18:55:00,MWC_0,41.666666666666664,500,0.0,0,
912,2023-01-01 19:00:00,LPC_0,4.166666666666667,50,0.0,0,
913,2023-01-01 19:00:00,HPC_0,12.5,150,0.0,0,
914,2023-01-01 19:00:00,NCS_0,29.166666666666668,350,0.0,0,
915,2023-01-01 19:00:00,MWC_0,41.666666666666664,500,0.0,0,
916,2023-01-01 19:05:00,LPC_0,4.166666666666667,50,0.0,0,
917,2023-01-01 19:05:00,HPC_0,12.5,150,0.0,0,
918,2023-01-01 19:05:00,NCS_0,29.166666666666668,350,0.0,0,
919,2023-01-01 19:05:00,MWC_0,41.666666666666664,500,0.0,0,
920,2023-01-01 19:10:00,LPC_0,4.166666666666667,50,0.0,0,
921,2023-01-01 19:10:00,HPC_0,12.5,150,0.0,0,
922,2023-01-01 19:10:00,NCS_0,29.166666666666668,350,0.0,0,
923,2023-01-01 19:10:00,MWC_0,41.666666666666664,500,0.0,0,
924,2023-01-01 19:15:00,LPC_0,4.166666666666667,50,0.0,0,
925,2023-01-01 19:15:00,HPC_0,12.5,150,0.0,0,
926,2023-01-01 19:15:00,NCS_0,29.166666666666668,350,0.0,0,
927,2023-01-01 19:15:00,MWC_0,41.666666666666664,500,0.0,0,
928,2023-01-01 19:20:00,LPC_0,4.166666666666667,50,0.0,0,
929,2023-01-01 19:20:00,HPC_0,12.5,150,0.0,0,
930,2023-01-01 19:20:00,NCS_0,29.166666666666668,350,0.0,0,
931,2023-01-01 19:20:00,MWC_0,41.666666666666664,500,0.0,0,
932,2023-01-01 19:25:00,LPC_0,4.166666666666667,50,0.0,0,
933,2023-01-01 19:25:00,HPC_0,12.5,150,0.0,0,
934,2023-01-01 19:25:00,NCS_0,29.166666666666668,350,0.0,0,
935,2023-01-01 19:25:00,MWC_0,41.666666666666664,500,0.0,0,
936,2023-01-01 19:30:00,LPC_0,4.166666666666667,50,0.0,0,
937,2023-01-01 19:30:00,HPC_0,12.5,150,0.0,0,
938,2023-01-01 19:30:00,NCS_0,29.166666666666668,350,0.0,0,
939,2023-01-01 19:30:00,MWC_0,41.666666666666664,500,0.0,0,
940,2023-01-01 19:35:00,LPC_0,4.166666666666667,50,0.0,0,
941,2023-01-01 19:35:00,HPC_0,12.5,150,0.0,0,
942,2023-01-01 19:35:00,NCS_0,29.166666666666668,350,0.0,0,
943,2023-01-01 19:35:00,MWC_0,41.666666666666664,500,0.0,0,
944,2023-01-01 19:40:00,LPC_0,4.166666666666667,50,0.0,0,
945,2023-01-01 19:40:00,HPC_0,12.5,150,0.0,0,
946,2023-01-01 19:40:00,NCS_0,29.166666666666668,350,0.0,0,
947,2023-01-01 19:40:00,MWC_0,41.666666666666664,500,0.0,0,
948,2023-01-01 19:45:00,LPC_0,4.166666666666667,50,0.0,0,
949,2023-01-01 19:45:00,HPC_0,12.5,150,0.0,0,
950,2023-01-01 19:45:00,NCS_0,29.166666666666668,350,0.0,0,
951,2023-01-01 19:45:00,MWC_0,41.666666666666664,500,0.0,0,
952,2023-01-01 19:50:00,LPC_0,4.166666666666667,50,0.0,0,
953,2023-01-01 19:50:00,HPC_0,12.5,150,0.0,0,
954,2023-01-01 19:50:00,NCS_0,29.166666666666668,350,0.0,0,
955,2023-01-01 19:50:00,MWC_0,41.666666666666664,500,0.0,0,
956,2023-01-01 19:55:00,LPC_0,4.166666666666667,50,0.0,0,
957,2023-01-01 19:55:00,HPC_0,12.5,150,0.0,0,
958,2023-01-01 19:55:00,NCS_0,29.166666666666668,350,0.0,0,
959,2023-01-01 19:55:00,MWC_0,41.666666666666664,500,0.0,0,
960,2023-01-01 20:00:00,LPC_0,4.166666666666667,50,0.0,0,
961,2023-01-01 20:00:00,HPC_0,12.5,150,0.0,0,
962,2023-01-01 20:00:00,NCS_0,29.166666666666668,350,0.0,0,
963,2023-01-01 20:00:00,MWC_0,41.666666666666664,500,0.0,0,
964,2023-01-01 20:05:00,LPC_0,4.166666666666667,50,0.0,0,
965,2023-01-01 20:05:00,HPC_0,12.5,150,0.0,0,
966,2023-01-01 20:05:00,NCS_0,29.166666666666668,350,0.0,0,
967,2023-01-01 20:05:00,MWC_0,41.666666666666664,500,0.0,0,
968,2023-01-01 20:10:00,LPC_0,4.166666666666667,50,0.0,0,
969,2023-01-01 20:10:00,HPC_0,12.5,150,0.0,0,
970,2023-01-01 20:10:00,NCS_0,29.166666666666668,350,0.0,0,
971,2023-01-01 20:10:00,MWC_0,41.666666666666664,500,0.0,0,
972,2023-01-01 20:15:00,LPC_0,4.166666666666667,50,0.0,0,
973,2023-01-01 20:15:00,HPC_0,12.5,150,0.0,0,
974,2023-01-01 20:15:00,NCS_0,29.166666666666668,350,0.0,0,
975,2023-01-01 20:15:00,MWC_0,41.666666666666664,500,0.0,0,
976,2023-01-01 20:20:00,LPC_0,4.166666666666667,50,0.0,0,
977,2023-01-01 20:20:00,HPC_0,12.5,150,0.0,0,
978,2023-01-01 20:20:00,NCS_0,29.166666666666668,350,0.0,0,
979,2023-01-01 20:20:00,MWC_0,41.666666666666664,500,0.0,0,
980,2023-01-01 20:25:00,LPC_0,4.166666666666667,50,0.0,0,
981,2023-01-01 20:25:00,HPC_0,12.5,150,0.0,0,
982,2023-01-01 20:25:00,NCS_0,29.166666666666668,350,0.0,0,
983,2023-01-01 20:25:00,MWC_0,41.666666666666664,500,0.0,0,
984,2023-01-01 20:30:00,LPC_0,4.166666666666667,50,0.0,0,
985,2023-01-01 20:30:00,HPC_0,12.5,150,0.0,0,
986,2023-01-01 20:30:00,NCS_0,29.166666666666668,350,0.0,0,
987,2023-01-01 20:30:00,MWC_0,41.666666666666664,500,0.0,0,
988,2023-01-01 20:35:00,LPC_0,4.166666666666667,50,4.166666666666667,50,4
989,2023-01-01 20:35:00,HPC_0,12.5,150,0.0,0,
990,2023-01-01 20:35:00,NCS_0,29.166666666666668,350,0.0,0,
991,2023-01-01 20:35:00,MWC_0,41.666666666666664,500,0.0,0,
992,2023-01-01 20:40:00,LPC_0,4.166666666666667,50,4.166666666666667,50,4
993,2023-01-01 20:40:00,HPC_0,12.5,150,0.0,0,
994,2023-01-01 20:40:00,NCS_0,29.166666666666668,350,0.0,0,
995,2023-01-01 20:40:00,MWC_0,41.666666666666664,500,0.0,0,
996,2023-01-01 20:45:00,LPC_0,4.166666666666667,50,4.166666666666667,50,4
997,2023-01-01 20:45:00,HPC_0,12.5,150,0.0,0,
998,2023-01-01 20:45:00,NCS_0,29.166666666666668,350,0.0,0,
999,2023-01-01 20:45:00,MWC_0,41.666666666666664,500,0.0,0,
1000,2023-01-01 20:50:00,LPC_0,4.166666666666667,50,4.166666666666667,50,4
1001,2023-01-01 20:50:00,HPC_0,12.5,150,0.0,0,
1002,2023-01-01 20:50:00,NCS_0,29.166666666666668,350,0.0,0,
1003,2023-01-01 20:50:00,MWC_0,41.666666666666664,500,0.0,0,
1004,2023-01-01 20:55:00,LPC_0,4.166666666666667,50,4.166666666666667,50,4
1005,2023-01-01 20:55:00,HPC_0,12.5,150,0.0,0,
1006,2023-01-01 20:55:00,NCS_0,29.166666666666668,350,0.0,0,
1007,2023-01-01 20:55:00,MWC_0,41.666666666666664,500,0.0,0,
1008,2023-01-01 21:00:00,LPC_0,4.166666666666667,50,4.166666666666667,50,4
1009,2023-01-01 21:00:00,HPC_0,12.5,150,0.0,0,
1010,2023-01-01 21:00:00,NCS_0,29.166666666666668,350,0.0,0,
1011,2023-01-01 21:00:00,MWC_0,41.666666666666664,500,0.0,0,
1012,2023-01-01 21:05:00,LPC_0,4.166666666666667,50,4.166666666666667,50,4
1013,2023-01-01 21:05:00,HPC_0,12.5,150,0.0,0,
1014,2023-01-01 21:05:00,NCS_0,29.166666666666668,350,0.0,0,
1015,2023-01-01 21:05:00,MWC_0,41.666666666666664,500,0.0,0,
1016,2023-01-01 21:10:00,LPC_0,4.166666666666667,50,4.166666666666667,50,4
1017,2023-01-01 21:10:00,HPC_0,12.5,150,0.0,0,
1018,2023-01-01 21:10:00,NCS_0,29.166666666666668,350,0.0,0,
1019,2023-01-01 21:10:00,MWC_0,41.666666666666664,500,0.0,0,
1020,2023-01-01 21:15:00,LPC_0,4.166666666666667,50,4.166666666666667,50,4
1021,2023-01-01 21:15:00,HPC_0,12.5,150,0.0,0,
1022,2023-01-01 21:15:00,NCS_0,29.166666666666668,350,0.0,0,
1023,2023-01-01 21:15:00,MWC_0,41.666666666666664,500,0.0,0,
1024,2023-01-01 21:20:00,LPC_0,4.166666666666667,50,4.166666666666667,50,4
1025,2023-01-01 21:20:00,HPC_0,12.5,150,0.0,0,
1026,2023-01-01 21:20:00,NCS_0,29.166666666666668,350,0.0,0,
1027,2023-01-01 21:20:00,MWC_0,41.666666666666664,500,0.0,0,
1028,2023-01-01 21:25:00,LPC_0,4.166666666666667,50,4.166666666666667,50,4
1029,2023-01-01 21:25:00,HPC_0,12.5,150,0.0,0,
1030,2023-01-01 21:25:00,NCS_0,29.166666666666668,350,0.0,0,
1031,2023-01-01 21:25:00,MWC_0,41.666666666666664,500,0.0,0,
1032,2023-01-01 21:30:00,LPC_0,4.166666666666667,50,4.166666666666667,50,4
1033,2023-01-01 21:30:00,HPC_0,12.5,150,0.0,0,
1034,2023-01-01 21:30:00,NCS_0,29.166666666666668,350,0.0,0,
1035,2023-01-01 21:30:00,MWC_0,41.666666666666664,500,0.0,0,
1036,2023-01-01 21:35:00,LPC_0,4.166666666666667,50,4.166666666666667,50,4
1037,2023-01-01 21:35:00,HPC_0,12.5,150,0.0,0,
1038,2023-01-01 21:35:00,NCS_0,29.166666666666668,350,0.0,0,
1039,2023-01-01 21:35:00,MWC_0,41.666666666666664,500,0.0,0,
1040,2023-01-01 21:40:00,LPC_0,4.166666666666667,50,4.166666666666667,50,4
1041,2023-01-01 21:40:00,HPC_0,12.5,150,0.0,0,
1042,2023-01-01 21:40:00,NCS_0,29.166666666666668,350,0.0,0,
1043,2023-01-01 21:40:00,MWC_0,41.666666666666664,500,0.0,0,
1044,2023-01-01 21:45:00,LPC_0,4.166666666666667,50,4.166666666666667,50,4
1045,2023-01-01 21:45:00,HPC_0,12.5,150,0.0,0,
1046,2023-01-01 21:45:00,NCS_0,29.166666666666668,350,0.0,0,
1047,2023-01-01 21:45:00,MWC_0,41.666666666666664,500,0.0,0,
1048,2023-01-01 21:50:00,LPC_0,4.166666666666667,50,4.166666666666667,50,4
1049,2023-01-01 21:50:00,HPC_0,12.5,150,0.0,0,
1050,2023-01-01 21:50:00,NCS_0,29.166666666666668,350,0.0,0,
1051,2023-01-01 21:50:00,MWC_0,41.666666666666664,500,0.0,0,
1052,2023-01-01 21:55:00,LPC_0,4.166666666666667,50,4.166666666666667,50,4
1053,2023-01-01 21:55:00,HPC_0,12.5,150,0.0,0,
1054,2023-01-01 21:55:00,NCS_0,29.166666666666668,350,0.0,0,
1055,2023-01-01 21:55:00,MWC_0,41.666666666666664,500,0.0,0,
1056,2023-01-01 22:00:00,LPC_0,4.166666666666667,50,4.166666666666667,50,4
1057,2023-01-01 22:00:00,HPC_0,12.5,150,0.0,0,
1058,2023-01-01 22:00:00,NCS_0,29.166666666666668,350,0.0,0,
1059,2023-01-01 22:00:00,MWC_0,41.666666666666664,500,0.0,0,
1060,2023-01-01 22:05:00,LPC_0,4.166666666666667,50,4.166666666666667,50,4
1061,2023-01-01 22:05:00,HPC_0,12.5,150,0.0,0,
1062,2023-01-01 22:05:00,NCS_0,29.166666666666668,350,0.0,0,
1063,2023-01-01 22:05:00,MWC_0,41.666666666666664,500,0.0,0,
1064,2023-01-01 22:10:00,LPC_0,4.166666666666667,50,4.166666666666667,50,4
1065,2023-01-01 22:10:00,HPC_0,12.5,150,0.0,0,
1066,2023-01-01 22:10:00,NCS_0,29.166666666666668,350,0.0,0,
1067,2023-01-01 22:10:00,MWC_0,41.666666666666664,500,0.0,0,
1068,2023-01-01 22:15:00,LPC_0,4.166666666666667,50,4.166666666666667,50,4
1069,2023-01-01 22:15:00,HPC_0,12.5,150,0.0,0,
1070,2023-01-01 22:15:00,NCS_0,29.166666666666668,350,0.0,0,
1071,2023-01-01 22:15:00,MWC_0,41.666666666666664,500,0.0,0,
1072,2023-01-01 22:20:00,LPC_0,4.166666666666667,50,4.166666666666667,50,4
1073,2023-01-01 22:20:00,HPC_0,12.5,150,0.0,0,
1074,2023-01-01 22:20:00,NCS_0,29.166666666666668,350,0.0,0,
1075,2023-01-01 22:20:00,MWC_0,41.666666666666664,500,0.0,0,
1076,2023-01-01 22:25:00,LPC_0,4.166666666666667,50,4.166666666666667,50,4
1077,2023-01-01 22:25:00,HPC_0,12.5,150,0.0,0,
1078,2023-01-01 22:25:00,NCS_0,29.166666666666668,350,0.0,0,
1079,2023-01-01 22:25:00,MWC_0,41.666666666666664,500,0.0,0,
1080,2023-01-01 22:30:00,LPC_0,4.166666666666667,50,4.166666666666667,50,4
1081,2023-01-01 22:30:00,HPC_0,12.5,150,0.0,0,
1082,2023-01-01 22:30:00,NCS_0,29.166666666666668,350,0.0,0,
1083,2023-01-01 22:30:00,MWC_0,41.666666666666664,500,0.0,0,
1084,2023-01-01 22:35:00,LPC_0,4.166666666666667,50,4.166666666666667,50,4
1085,2023-01-01 22:35:00,HPC_0,12.5,150,0.0,0,
1086,2023-01-01 22:35:00,NCS_0,29.166666666666668,350,0.0,0,
1087,2023-01-01 22:35:00,MWC_0,41.666666666666664,500,0.0,0,
1088,2023-01-01 22:40:00,LPC_0,4.166666666666667,50,4.166666666666667,50,4
1089,2023-01-01 22:40:00,HPC_0,12.5,150,0.0,0,
1090,2023-01-01 22:40:00,NCS_0,29.166666666666668,350,0.0,0,
1091,2023-01-01 22:40:00,MWC_0,41.666666666666664,500,0.0,0,
1092,2023-01-01 22:45:00,LPC_0,4.166666666666667,50,4.166666666666667,50,4
1093,2023-01-01 22:45:00,HPC_0,12.5,150,0.0,0,
1094,2023-01-01 22:45:00,NCS_0,29.166666666666668,350,0.0,0,
1095,2023-01-01 22:45:00,MWC_0,41.666666666666664,500,0.0,0,
1096,2023-01-01 22:50:00,LPC_0,4.166666666666667,50,4.166666666666667,50,4
1097,2023-01-01 22:50:00,HPC_0,12.5,150,0.0,0,
1098,2023-01-01 22:50:00,NCS_0,29.166666666666668,350,0.0,0,
1099,2023-01-01 22:50:00,MWC_0,41.666666666666664,500,0.0,0,
1100,2023-01-01 22:55:00,LPC_0,4.166666666666667,50,4.166666666666667,50,4
1101,2023-01-01 22:55:00,HPC_0,12.5,150,0.0,0,
1102,2023-01-01 22:55:00,NCS_0,29.166666666666668,350,0.0,0,
1103,2023-01-01 22:55:00,MWC_0,41.666666666666664,500,0.0,0,
1104,2023-01-01 23:00:00,LPC_0,4.166666666666667,50,4.166666666666667,50,4
1105,2023-01-01 23:00:00,HPC_0,12.5,150,0.0,0,
1106,2023-01-01 23:00:00,NCS_0,29.166666666666668,350,0.0,0,
1107,2023-01-01 23:00:00,MWC_0,41.666666666666664,500,0.0,0,
1108,2023-01-01 23:05:00,LPC_0,4.166666666666667,50,4.166666666666667,50,4
1109,2023-01-01 23:05:00,HPC_0,12.5,150,0.0,0,
1110,2023-01-01 23:05:00,NCS_0,29.166666666666668,350,0.0,0,
1111,2023-01-01 23:05:00,MWC_0,41.666666666666664,500,0.0,0,
1112,2023-01-01 23:10:00,LPC_0,4.166666666666667,50,4.166666666666667,50,4
1113,2023-01-01 23:10:00,HPC_0,12.5,150,0.0,0,
1114,2023-01-01 23:10:00,NCS_0,29.166666666666668,350,0.0,0,
1115,2023-01-01 23:10:00,MWC_0,41.666666666666664,500,0.0,0,
1116,2023-01-01 23:15:00,LPC_0,4.166666666666667,50,4.166666666666667,50,4
1117,2023-01-01 23:15:00,HPC_0,12.5,150,0.0,0,
1118,2023-01-01 23:15:00,NCS_0,29.166666666666668,350,0.0,0,
1119,2023-01-01 23:15:00,MWC_0,41.666666666666664,500,0.0,0,
1120,2023-01-01 23:20:00,LPC_0,4.166666666666667,50,4.166666666666667,50,4
1121,2023-01-01 23:20:00,HPC_0,12.5,150,0.0,0,
1122,2023-01-01 23:20:00,NCS_0,29.166666666666668,350,0.0,0,
1123,2023-01-01 23:20:00,MWC_0,41.666666666666664,500,0.0,0,
1124,2023-01-01 23:25:00,LPC_0,4.166666666666667,50,4.166666666666667,50,4
1125,2023-01-01 23:25:00,HPC_0,12.5,150,0.0,0,
1126,2023-01-01 23:25:00,NCS_0,29.166666666666668,350,0.0,0,
1127,2023-01-01 23:25:00,MWC_0,41.666666666666664,500,0.0,0,
1128,2023-01-01 23:30:00,LPC_0,4.166666666666667,50,4.166666666666667,50,4
1129,2023-01-01 23:30:00,HPC_0,12.5,150,0.0,0,
1130,2023-01-01 23:30:00,NCS_0,29.166666666666668,350,0.0,0,
1131,2023-01-01 23:30:00,MWC_0,41.666666666666664,500,0.0,0,
1132,2023-01-01 23:35:00,LPC_0,4.166666666666667,50,4.166666666666667,50,4
1133,2023-01-01 23:35:00,HPC_0,12.5,150,0.0,0,
1134,2023-01-01 23:35:00,NCS_0,29.166666666666668,350,0.0,0,
1135,2023-01-01 23:35:00,MWC_0,41.666666666666664,500,0.0,0,
1136,2023-01-01 23:40:00,LPC_0,4.166666666666667,50,4.166666666666667,50,4
1137,2023-01-01 23:40:00,HPC_0,12.5,150,0.0,0,
1138,2023-01-01 23:40:00,NCS_0,29.166666666666668,350,0.0,0,
1139,2023-01-01 23:40:00,MWC_0,41.666666666666664,500,0.0,0,
1140,2023-01-01 23:45:00,LPC_0,4.166666666666667,50,4.166666666666667,50,4
1141,2023-01-01 23:45:00,HPC_0,12.5,150,0.0,0,
1142,2023-01-01 23:45:00,NCS_0,29.166666666666668,350,0.0,0,
1143,2023-01-01 23:45:00,MWC_0,41.666666666666664,500,0.0,0,
1144,2023-01-01 23:50:00,LPC_0,4.166666666666667,50,4.166666666666667,50,4
1145,2023-01-01 23:50:00,HPC_0,12.5,150,0.0,0,
1146,2023-01-01 23:50:00,NCS_0,29.166666666666668,350,0.0,0,
1147,2023-01-01 23:50:00,MWC_0,41.666666666666664,500,0.0,0,
1148,2023-01-01 23:55:00,LPC_0,4.166666666666667,50,4.166666666666667,50,4
1149,2023-01-01 23:55:00,HPC_0,12.5,150,0.0,0,
1150,2023-01-01 23:55:00,NCS_0,29.166666666666668,350,0.0,0,
1151,2023-01-01 23:55:00,MWC_0,41.666666666666664,500,0.0,0,
1152,2023-01-02 00:00:00,LPC_0,4.166666666666667,50,4.166666666666667,50,4
1153,2023-01-02 00:00:00,HPC_0,12.5,150,0.0,0,
1154,2023-01-02 00:00:00,NCS_0,29.166666666666668,350,0.0,0,
1155,2023-01-02 00:00:00,MWC_0,41.666666666666664,500,0.0,0,
